0,1,2,3,4,5,6,7,8,9,10,11,12,13,14,15,16,17,18,19,20,21,22,23,24,25,26,27,28,29,30,31,32,33,34,35,36,37,38,39,40,41,42,43,44,45,46,47,48,49,50,51,52,53,54,55,56,57,58,59,60,61,62,63,64,65,66,67,68,69,70,71,72,73,74,75,76,77,78,79,80,81,82,83,84,85,86,87,88,89,90,91,92,93,94,95,96,97,98,99,100,101,102,103,104,105,106,107,108,109,110,111,112,113,114,115,116,117,118,119,120,121,122,123,124,125,126,127,128,129,130,131,132,133,134,135,136,137,138,139,140,141,142,143,144,145,146,147,148,149,150,151,152,153,154,155,156,157,158,159,160,161,162,163,164,165,166,167,168,169,170,171,172,173,174,175,176,177,178,179,180
23,0,0,1,0,0,0,3,0,1,4,4,2,2,2,2,0,5,0,1,0,0,0,0,0,0,2,0,0,0,0,2,6,9,0,1,1,0,3,0,0,0,0,0,0,0,0,0,0,0,1,0,0,1,0,0,1,0,0,0,0,3,1,2,0,0,0,0,2,0,0,0,0,0,0,0,0,2,0,0,0,2,3,2,0,1,0,0,0,0,0,1,0,0,1,0,0,0,0,0,0,0,0,2,1,0,0,0,0,0,0,1,2,4,6,0,1,1,2,0,0,3,0,0,0,1,0,2,0,0,0,0,0,1,3,1,5,0,1,0,0,0,1,5,0,0,0,0,0,0,0,0,0,0,2,2,0,0,0,0,0,0,0,0,0,0,0,0,0,1,0,0,0,0,1,0,0,0,0,0,0
0,19,0,0,0,0,0,1,0,0,3,3,0,2,0,1,0,1,0,1,1,2,0,0,0,0,0,0,0,0,0,0,7,8,0,1,2,0,1,0,0,0,1,0,0,0,0,0,0,2,0,0,0,0,0,0,0,0,0,0,0,1,2,2,0,0,1,0,0,0,0,0,0,0,0,0,0,0,0,0,0,2,1,3,0,0,1,0,0,0,0,2,0,0,3,1,0,0,0,0,1,1,0,3,1,0,1,0,1,0,0,0,0,8,4,0,0,3,1,0,0,2,2,0,0,1,2,0,1,0,0,0,0,5,3,0,0,0,2,0,0,0,1,1,0,0,0,0,0,0,0,0,0,0,0,1,0,0,0,0,0,0,0,0,0,0,0,0,3,0,0,0,0,0,0,0,0,0,0,0,0
0,0,67,1,5,0,0,2,7,9,1,0,1,1,0,0,1,0,8,5,0,0,3,1,1,0,0,0,0,0,0,0,1,0,1,0,5,1,3,18,1,1,9,1,1,0,2,3,0,0,0,1,4,0,1,1,2,0,0,0,0,0,0,0,1,0,0,4,0,0,0,0,0,4,7,0,0,1,0,0,0,0,0,0,1,2,1,0,3,2,0,0,0,0,0,0,1,3,4,10,5,5,11,0,1,1,0,0,0,0,0,0,0,0,0,3,0,8,1,0,0,0,0,0,0,0,1,1,0,0,0,0,0,0,0,0,0,0,0,0,0,1,0,0,0,2,0,2,0,4,3,0,0,0,0,0,1,0,0,0,0,0,0,0,0,0,0,0,0,0,0,0,0,0,0,0,0,0,1,0,0
1,0,1,41,0,0,0,4,2,12,0,0,1,2,0,0,1,1,4,0,0,0,0,0,0,0,0,0,0,0,0,0,1,0,1,0,4,1,4,20,1,0,6,1,7,0,1,4,0,0,0,1,3,0,0,0,0,0,0,0,1,0,0,1,0,2,2,4,0,0,0,0,3,3,2,1,0,0,0,0,0,0,0,0,1,1,3,4,0,3,0,0,1,0,0,0,1,1,5,8,5,8,4,1,0,1,0,0,0,0,0,0,0,1,0,1,0,5,0,0,0,0,0,1,0,0,0,0,0,0,0,0,0,0,0,0,0,0,1,0,0,1,0,0,1,2,0,1,0,2,3,0,0,0,0,0,3,0,0,0,0,0,0,0,0,0,0,0,0,0,0,0,0,0,0,0,0,0,0,0,0
0,0,5,0,19,1,0,3,0,1,4,0,3,2,0,0,2,2,0,1,0,0,1,0,1,0,0,0,0,0,0,0,3,0,3,0,7,2,2,0,0,0,6,0,0,0,0,0,0,0,0,0,1,2,0,1,1,0,0,0,0,0,0,0,0,0,1,0,0,1,0,1,0,0,1,1,0,0,0,0,0,0,0,0,2,2,1,0,0,1,0,0,0,0,0,0,0,0,0,0,2,1,7,0,0,2,0,0,1,0,0,1,0,1,1,2,1,6,1,0,0,1,0,0,1,0,0,0,0,0,0,0,0,0,1,0,0,0,1,0,3,0,0,1,0,0,1,0,0,0,0,0,0,0,0,0,0,0,1,0,0,0,0,0,0,0,0,0,0,0,0,0,0,0,0,0,0,0,0,0,0
0,0,0,0,1,34,0,0,0,0,0,0,1,0,1,0,1,0,0,0,0,0,0,0,2,0,2,0,1,4,28,0,0,0,1,0,0,0,0,0,0,0,0,0,0,0,0,0,1,0,0,0,0,0,0,0,0,2,3,3,0,0,0,0,0,0,0,0,0,0,13,12,0,0,0,0,0,0,8,9,1,0,0,0,0,0,0,0,0,0,1,0,0,2,0,0,0,0,0,0,0,0,0,0,0,0,1,3,8,16,4,0,0,0,0,0,0,0,0,1,7,0,0,0,0,0,0,0,0,8,14,6,4,0,0,0,0,0,0,0,1,0,0,0,0,0,0,0,0,0,0,1,15,7,0,0,0,0,2,5,0,0,0,0,0,2,2,0,0,0,0,0,0,0,0,0,0,0,0,0,0
0,0,0,0,0,0,36,1,0,0,0,0,2,1,2,0,0,0,0,0,0,0,0,3,0,0,0,0,0,19,13,0,0,0,1,0,1,0,0,0,0,0,1,0,0,0,0,0,0,0,0,0,0,0,0,0,0,3,11,6,0,0,0,0,0,0,0,0,0,0,8,4,0,0,0,0,0,0,7,8,9,0,0,0,0,1,0,0,0,0,2,0,0,3,0,0,0,0,0,0,0,0,0,0,0,0,2,1,9,15,4,0,1,0,0,0,1,1,0,1,5,0,1,0,0,0,0,0,0,8,13,0,9,0,0,0,0,0,0,1,1,0,0,2,0,0,1,0,0,0,0,0,14,8,0,0,0,0,1,3,0,0,0,0,0,1,0,0,0,0,0,0,1,0,0,0,0,0,0,0,0
3,1,2,4,3,0,1,28,0,3,2,2,6,5,0,1,4,6,0,5,0,0,1,0,0,0,0,0,0,0,0,1,2,0,6,1,3,1,5,1,0,0,5,0,0,0,0,1,1,0,0,0,1,0,0,0,2,1,0,0,0,0,1,0,0,0,0,0,1,1,0,0,0,0,1,4,1,0,1,0,0,0,0,0,0,0,0,0,0,0,0,0,0,1,0,0,0,0,1,0,0,0,2,0,0,0,0,0,0,0,0,0,3,3,0,0,3,2,3,0,0,1,1,0,0,1,0,2,0,0,1,0,0,0,0,0,0,0,4,0,2,1,1,0,0,0,1,0,0,0,0,0,0,0,0,0,0,0,0,0,0,0,1,0,0,0,0,0,0,0,0,1,1,0,1,0,1,0,0,0,0
0,0,7,2,0,0,0,0,33,0,0,0,0,0,0,0,0,0,4,2,0,0,0,0,0,0,0,0,0,0,0,0,0,0,0,0,1,0,0,7,2,3,5,0,2,0,2,0,0,0,0,2,3,0,0,0,0,0,0,0,3,0,0,0,2,2,0,1,0,0,0,0,0,5,0,0,0,0,0,0,0,0,0,0,0,1,0,2,1,0,0,0,0,0,0,0,0,0,3,6,4,5,1,0,0,0,0,0,0,0,0,0,0,0,0,0,0,1,2,0,0,0,0,2,0,0,0,0,0,0,0,0,0,0,0,0,0,0,0,1,0,0,0,0,2,0,0,0,0,1,2,0,0,0,0,0,0,0,0,0,0,0,0,0,1,0,0,0,0,0,0,0,0,0,0,0,0,0,1,0,0
1,0,9,12,1,0,0,3,0,50,0,0,1,1,0,0,2,1,5,4,0,0,0,0,0,0,1,0,0,0,0,0,1,0,0,0,4,1,0,28,0,1,9,2,3,0,2,4,0,0,0,3,5,0,1,0,0,0,0,0,3,0,0,0,2,3,3,9,0,0,0,0,3,4,7,0,0,0,0,0,0,0,0,0,0,0,1,3,1,3,0,0,0,0,0,0,1,0,7,9,6,6,7,0,0,1,0,0,0,0,0,1,0,2,0,2,0,5,1,0,0,0,0,1,0,0,0,1,0,0,0,0,0,0,0,0,0,0,1,0,0,1,0,0,3,2,0,1,0,1,1,0,0,0,0,0,1,0,0,0,0,0,0,1,0,0,0,0,0,0,0,0,0,0,0,0,0,0,2,0,0
4,3,1,0,4,0,0,2,0,0,57,0,0,5,2,5,1,4,0,0,0,5,0,1,1,0,1,0,0,1,0,10,8,18,3,1,5,4,3,1,0,0,5,0,0,0,0,0,1,3,1,0,3,2,0,1,1,1,0,1,1,2,2,0,1,1,1,1,7,3,1,2,0,1,0,1,2,2,1,0,0,3,3,4,1,2,2,0,0,0,0,3,1,1,3,2,0,0,1,1,1,0,4,3,1,1,0,2,3,0,0,2,9,9,10,2,1,2,2,3,0,7,0,0,6,2,0,1,1,0,0,0,0,9,5,1,7,0,0,2,4,0,2,6,0,0,0,0,1,0,1,2,0,0,2,5,0,0,1,0,0,3,0,1,0,0,0,0,0,1,0,1,0,0,1,0,0,0,0,1,0
4,3,0,0,0,0,0,2,0,0,0,30,3,0,3,10,1,8,0,0,1,2,0,1,0,0,2,0,0,0,0,6,10,10,1,2,0,1,2,0,0,0,1,0,0,0,0,0,0,1,0,0,0,3,0,0,1,0,0,0,0,1,4,0,1,0,0,0,1,0,0,0,0,0,0,1,0,4,0,0,0,5,1,0,0,0,1,0,0,0,0,2,0,0,0,0,0,0,0,0,1,1,1,0,1,1,5,0,1,0,0,1,6,5,4,0,0,1,1,0,0,8,0,0,2,4,0,0,0,0,1,0,0,5,4,1,3,0,0,1,2,0,0,0,0,0,0,1,0,1,0,0,0,0,4,1,0,0,0,0,1,1,0,0,0,0,0,1,2,1,0,0,0,0,0,0,1,0,0,0,0
2,0,1,1,3,1,2,6,0,1,0,3,36,0,0,1,4,3,1,1,0,2,0,0,0,0,0,0,0,0,0,1,2,2,8,3,5,0,4,2,0,0,4,0,0,0,0,0,0,2,2,0,3,1,2,1,2,1,0,0,0,0,1,0,1,0,2,0,1,0,0,0,0,0,2,3,1,0,0,0,0,1,1,1,0,1,0,0,0,1,0,0,0,0,1,0,0,0,0,0,1,0,1,0,0,0,1,0,0,0,0,1,3,3,0,3,5,3,2,0,0,0,0,0,0,0,0,3,0,0,0,0,0,4,1,0,0,0,5,1,6,0,1,1,0,2,1,0,1,0,0,0,0,1,0,2,0,0,1,0,0,0,0,0,0,0,0,0,0,0,0,0,1,0,0,0,1,0,0,0,0
2,2,1,2,2,0,1,5,0,1,5,0,0,35,0,0,7,5,0,1,1,1,2,0,0,0,0,0,0,0,0,2,5,1,5,2,9,2,2,2,0,0,9,1,1,0,1,0,0,0,2,1,1,2,1,1,0,0,0,0,1,1,0,0,1,3,3,0,1,0,0,0,0,1,0,2,1,1,0,0,0,2,0,0,1,4,1,0,0,0,0,0,0,0,0,1,0,0,1,1,0,1,5,0,1,1,1,0,1,0,0,0,4,4,0,3,0,5,5,0,0,2,0,0,0,2,1,2,2,0,0,0,0,0,0,2,0,0,4,0,0,0,0,5,0,0,2,3,1,0,2,1,0,0,1,0,0,0,0,0,1,0,1,0,0,0,0,1,1,0,1,1,0,0,2,0,0,0,0,0,0
2,0,0,0,0,1,2,0,0,0,2,3,0,0,13,3,0,0,0,0,0,2,0,3,0,0,0,0,2,5,1,0,2,3,0,0,0,0,0,0,0,0,0,0,0,0,0,0,0,2,0,0,0,2,0,0,0,4,0,2,0,0,0,0,0,0,0,0,0,0,0,4,0,0,0,0,0,0,0,1,0,0,1,0,0,0,0,0,0,0,0,2,0,1,0,0,0,0,0,0,0,0,0,0,0,0,0,1,1,1,0,0,0,0,0,0,0,0,0,0,0,0,0,0,0,0,0,0,0,1,3,1,1,0,0,2,1,0,0,0,0,0,0,0,0,0,0,0,0,0,0,0,1,2,0,0,0,0,0,3,0,0,0,0,0,1,1,0,0,0,0,0,0,0,0,0,0,0,0,0,0
2,1,0,0,0,0,0,1,0,0,5,10,1,0,3,18,1,3,0,0,1,3,0,1,0,0,1,0,0,0,0,4,2,9,1,0,0,0,1,0,0,0,0,0,0,0,0,0,0,1,0,0,0,3,0,0,0,1,0,0,0,2,1,0,0,0,0,0,0,1,0,0,0,0,0,1,1,4,0,0,0,3,0,0,0,0,0,0,0,0,0,1,0,0,1,0,0,0,0,0,0,0,0,0,0,0,0,0,0,0,0,1,1,0,0,0,0,0,0,0,0,3,0,0,1,4,0,1,0,0,0,0,0,2,1,1,1,0,0,0,0,0,0,1,0,0,0,0,0,0,0,1,0,0,0,0,0,0,0,0,2,0,1,0,0,0,0,1,1,0,0,0,0,0,0,0,1,0,0,0,0
0,0,1,1,2,1,0,4,0,2,1,1,4,7,0,1,15,3,0,1,0,0,0,0,0,0,0,0,0,0,0,0,0,0,9,3,0,1,0,0,0,0,2,0,0,0,0,0,0,0,2,0,0,2,2,0,0,0,0,0,0,0,0,0,1,0,0,0,0,0,0,0,0,0,0,0,1,0,0,0,0,0,0,0,0,0,0,0,0,0,0,0,0,0,0,0,0,0,0,0,0,0,0,0,0,0,0,0,0,0,0,0,0,0,0,1,0,0,1,0,0,0,0,0,0,0,0,1,0,0,0,0,0,1,0,0,0,0,2,1,1,0,0,0,0,0,0,0,0,0,0,0,0,0,0,1,0,0,1,0,1,0,2,0,0,0,0,1,0,0,0,1,0,0,0,0,1,0,0,0,0
5,1,1,2,2,0,0,7,0,1,4,8,3,6,0,3,3,29,0,1,0,0,0,0,0,0,1,0,0,0,0,6,5,7,3,1,1,0,3,0,0,0,3,0,0,0,0,0,0,0,2,0,0,0,0,0,0,0,0,0,0,4,1,0,0,0,0,0,2,0,0,0,0,0,1,3,2,0,0,0,0,0,2,0,0,0,0,0,0,1,0,0,0,0,0,0,0,0,0,0,0,0,0,2,1,0,4,0,0,0,0,0,9,4,5,1,0,0,1,0,0,5,0,0,1,3,1,0,0,0,0,0,0,2,5,1,3,0,0,0,1,0,0,4,0,0,0,0,0,0,0,0,0,0,2,2,0,0,0,0,2,0,1,0,0,0,0,1,2,1,0,1,0,0,1,0,0,0,0,0,0
0,0,9,4,0,0,0,0,5,5,0,0,1,0,0,0,0,0,33,0,0,0,0,0,0,0,0,0,0,0,0,0,0,0,0,0,3,0,0,14,2,1,4,2,2,0,0,2,0,0,0,4,1,1,0,0,1,0,0,0,2,0,0,0,0,0,0,1,0,0,0,0,1,3,0,0,0,0,0,0,0,0,0,0,1,0,0,0,1,3,0,0,1,0,0,0,0,1,1,0,2,0,3,0,0,0,0,0,0,0,0,0,0,0,0,0,1,1,1,0,0,0,0,0,0,0,0,0,0,0,0,0,0,0,0,0,0,0,0,0,0,0,0,0,0,0,0,0,0,1,0,0,0,0,0,0,1,0,0,0,0,0,0,0,1,0,0,0,0,0,0,0,0,0,0,0,0,0,0,0,0
1,1,5,0,1,0,0,5,2,4,0,0,1,1,0,0,1,1,0,19,0,0,0,0,0,0,0,0,0,0,0,0,0,0,0,0,4,0,2,6,1,2,3,1,1,0,1,1,0,0,0,1,0,0,0,0,0,0,0,0,0,0,0,0,1,2,2,0,0,0,0,0,3,3,3,1,0,0,0,0,0,2,0,0,0,1,0,1,0,1,0,0,0,0,0,1,0,0,2,1,0,1,5,0,0,0,0,0,0,0,0,0,1,0,0,0,1,3,0,0,0,0,1,1,0,0,0,1,0,0,0,0,0,0,0,0,0,0,0,0,0,0,0,0,0,0,0,0,0,0,0,0,0,0,0,0,0,0,0,0,0,0,0,0,0,0,0,0,0,0,0,0,0,0,0,0,0,0,0,0,0
0,1,0,0,0,0,0,0,0,0,0,1,0,1,0,1,0,0,0,0,5,2,0,0,0,0,0,0,0,0,0,0,0,3,0,0,1,0,0,0,0,0,2,0,0,0,0,0,0,1,0,0,0,0,0,0,0,0,0,0,0,0,0,0,1,0,0,0,0,0,0,0,0,0,0,0,0,1,0,0,0,0,0,1,1,1,0,0,0,0,0,0,0,0,0,1,0,0,0,0,0,0,2,0,1,0,0,0,0,0,0,0,1,2,0,0,0,0,0,0,0,0,0,0,0,0,0,0,1,0,0,0,0,1,0,0,0,0,0,0,0,0,1,0,0,0,0,0,0,0,0,0,0,0,0,0,0,0,0,0,0,0,0,0,0,0,0,0,0,0,0,0,0,0,0,0,0,0,0,0,0
0,2,0,0,0,0,0,0,0,0,5,2,2,1,2,3,0,0,0,0,2,14,0,0,0,0,0,0,0,1,0,1,5,7,0,0,0,0,0,0,0,0,0,0,0,0,0,0,1,4,0,0,0,0,0,1,0,1,0,0,0,1,1,0,0,0,0,0,1,0,0,0,0,0,0,0,0,1,0,0,0,0,4,1,0,0,0,0,0,0,0,1,0,0,1,0,0,0,0,0,0,0,0,0,0,0,0,1,0,0,0,0,2,6,1,0,0,0,1,0,0,1,0,0,0,0,0,0,0,1,0,0,0,5,1,3,1,0,0,0,0,0,0,3,0,0,0,0,0,0,0,0,0,0,0,1,0,0,0,0,0,0,0,0,0,1,0,0,0,0,0,0,0,0,0,0,0,0,0,0,0
0,0,3,0,1,0,0,1,0,0,0,0,0,2,0,0,0,0,0,0,0,0,6,0,0,0,0,0,0,0,0,0,0,0,0,0,1,0,1,1,0,0,3,0,0,0,0,0,0,0,0,0,1,0,0,2,1,0,0,0,0,0,0,0,0,0,0,0,0,0,0,0,0,0,0,0,1,0,0,0,0,0,0,0,1,0,0,0,0,0,0,0,0,0,0,0,0,0,0,0,0,0,0,0,0,0,0,0,0,0,0,0,0,0,0,1,0,2,1,0,0,0,0,0,0,0,0,0,0,0,0,0,0,0,0,0,0,0,0,1,0,0,0,0,0,0,0,0,0,0,0,0,0,0,0,0,0,0,0,0,0,0,0,0,0,0,0,0,0,0,0,0,0,0,0,0,0,0,0,0,0
0,0,1,0,0,0,3,0,0,0,1,1,0,0,3,1,0,0,0,0,0,0,0,26,0,0,0,5,1,2,12,1,1,2,0,0,0,0,1,0,0,0,0,0,0,1,0,0,1,1,0,0,0,1,0,1,0,5,0,6,0,0,0,0,0,0,0,0,1,5,2,2,0,0,0,0,0,1,4,4,2,0,0,0,0,0,0,0,0,0,1,0,0,2,0,0,0,0,0,0,0,0,0,0,1,0,0,7,8,4,0,0,1,0,0,1,0,0,0,1,2,0,0,0,0,1,0,0,0,7,6,5,1,2,0,1,0,0,0,0,0,0,0,0,0,0,0,0,0,0,0,6,5,0,0,0,0,0,0,0,0,0,0,0,0,0,4,0,0,0,0,0,0,0,0,0,0,0,0,0,0
0,0,1,0,1,2,0,0,0,0,1,0,0,0,0,0,0,0,0,0,0,0,0,0,14,0,0,0,5,1,6,0,1,0,1,0,0,0,0,0,0,0,0,0,0,0,0,0,0,0,0,0,0,0,0,0,0,6,2,0,0,0,0,0,0,0,0,0,0,2,2,0,0,0,0,0,0,0,4,0,1,0,0,0,0,0,0,0,0,0,1,0,0,0,0,0,0,0,0,0,0,0,0,0,0,1,7,1,1,3,0,0,1,0,0,0,0,0,0,0,0,0,0,0,0,0,0,0,0,11,0,0,1,0,0,0,1,0,0,0,0,0,0,1,0,0,0,0,0,0,0,7,2,2,0,0,0,0,0,3,0,0,0,0,0,0,0,0,1,0,0,0,1,0,0,0,0,0,0,0,0
0,0,0,0,0,0,0,0,0,0,0,0,0,0,0,0,0,0,0,0,0,0,0,0,0,1,0,0,1,0,0,0,0,0,0,0,0,0,0,0,0,0,0,0,0,0,0,0,0,0,0,0,0,0,0,0,0,0,0,1,0,0,0,0,0,0,0,0,0,0,0,0,0,0,0,0,0,0,0,0,0,0,0,0,0,0,0,0,0,0,0,0,0,0,0,0,0,0,0,0,0,0,0,0,0,0,0,1,0,0,0,0,0,0,0,0,0,0,0,0,0,0,0,0,0,0,0,0,0,0,1,0,0,0,0,0,0,0,0,0,0,0,0,0,0,0,0,0,0,0,0,0,1,0,0,0,0,0,0,1,0,0,0,0,0,0,0,0,0,0,0,0,0,0,0,0,0,0,0,0,0
2,0,0,0,0,2,0,0,0,1,1,2,0,0,0,1,0,1,0,0,0,0,0,0,0,0,18,1,0,2,5,0,1,3,1,0,1,1,1,2,0,0,1,1,0,0,0,0,1,1,0,0,1,0,0,0,0,1,1,1,0,1,1,1,1,0,0,0,0,0,1,3,0,1,0,0,0,1,4,1,0,3,0,1,0,1,0,0,0,0,0,0,1,1,1,0,0,0,1,1,0,0,0,1,0,0,2,0,1,3,2,0,0,2,1,1,1,1,1,0,3,2,0,0,1,0,0,0,0,5,1,2,0,1,0,0,0,0,1,1,0,1,0,3,0,0,0,0,0,0,1,0,3,0,0,0,0,0,0,0,0,1,0,0,0,0,0,0,0,0,0,0,0,0,0,0,0,0,0,0,0
0,0,0,0,0,0,0,0,0,0,0,0,0,0,0,0,0,0,0,0,0,0,0,5,0,0,1,7,0,0,0,0,0,0,0,0,0,0,0,0,0,0,0,0,0,0,0,0,1,0,0,0,0,0,0,0,0,4,0,0,0,1,0,0,0,0,0,0,0,2,0,0,0,0,0,0,0,0,0,2,0,0,0,0,0,0,0,0,0,0,1,0,0,0,0,0,0,0,0,0,0,0,0,0,0,0,2,5,0,0,0,0,0,0,0,0,0,0,0,0,0,0,0,0,0,0,0,0,0,0,5,1,1,0,0,0,0,0,0,0,0,0,0,0,0,0,0,0,0,0,0,4,1,0,0,0,0,0,0,0,0,1,0,0,0,0,5,0,0,0,0,0,0,0,0,0,0,0,0,0,0
0,0,0,0,0,1,0,0,0,0,0,0,0,0,2,0,0,0,0,0,0,0,0,1,5,1,0,0,14,0,0,0,0,0,0,0,0,0,0,0,0,0,0,0,0,0,0,0,1,0,0,0,0,0,0,0,0,9,1,2,0,0,0,0,0,0,0,0,0,2,0,0,0,0,0,0,0,0,3,0,0,0,0,0,0,0,0,0,0,0,2,0,0,1,0,0,0,0,0,0,0,0,0,0,0,0,7,1,3,1,0,0,0,0,0,0,0,0,0,0,2,0,0,0,0,0,0,0,0,8,4,0,2,0,0,0,0,0,0,0,0,0,0,0,0,0,0,0,0,0,0,7,2,2,0,0,0,0,0,7,0,0,0,0,0,3,0,0,0,0,0,0,0,0,0,0,0,0,0,0,0
0,0,0,0,0,4,19,0,0,0,1,0,0,0,5,0,0,0,0,0,0,1,0,2,1,0,2,0,0,52,0,0,0,0,0,0,0,0,0,0,0,0,0,0,0,0,0,0,4,0,0,0,0,0,0,0,0,4,12,17,0,0,1,0,0,0,0,0,0,1,4,12,0,0,0,0,0,0,16,10,9,0,1,0,0,0,0,0,0,0,4,0,0,8,0,0,0,0,0,0,0,0,0,0,0,0,5,5,6,28,4,0,0,1,0,0,0,0,0,2,9,0,0,0,0,0,0,0,0,17,14,4,14,0,0,2,1,0,0,0,0,0,0,1,0,0,0,0,0,0,0,2,19,19,0,0,0,0,2,10,0,0,0,0,0,3,2,0,0,0,0,0,0,0,0,0,0,0,0,0,0
0,0,0,0,0,28,13,0,0,0,0,0,0,0,1,0,0,0,0,0,0,0,0,12,6,0,5,0,0,0,99,0,0,0,0,0,0,0,0,0,0,0,0,0,0,0,0,0,4,0,0,0,0,0,0,0,0,3,21,12,0,0,0,0,0,0,0,0,0,3,40,20,0,0,0,0,0,0,43,18,17,0,2,0,0,0,0,0,0,0,9,0,0,5,0,0,0,0,0,0,0,0,0,0,1,0,3,3,33,45,15,0,0,0,0,0,0,0,0,4,32,0,0,0,2,0,0,0,0,34,31,15,15,0,0,0,0,0,0,0,0,0,0,0,0,0,0,0,0,0,0,4,46,26,0,0,0,0,3,10,0,0,0,0,0,5,4,0,0,0,0,0,1,0,0,0,0,0,0,0,0
2,0,0,0,0,0,0,1,0,0,10,6,1,2,0,4,0,6,0,0,0,1,0,1,0,0,0,0,0,0,0,19,0,0,0,0,0,0,0,0,0,0,0,0,0,0,0,0,1,2,0,0,0,2,0,0,0,2,0,0,0,1,0,0,0,0,0,0,0,2,1,0,0,0,0,0,0,1,1,0,0,0,0,0,0,0,0,0,0,0,0,0,0,0,1,0,0,0,0,0,0,0,0,1,0,0,3,0,0,0,0,3,8,1,0,0,1,0,0,2,0,2,0,0,1,3,0,1,1,0,0,0,0,5,6,0,0,0,0,0,2,0,1,0,0,0,0,0,0,0,0,2,0,0,2,2,0,0,0,0,2,3,0,0,0,0,0,1,0,2,0,0,0,0,0,0,0,0,0,0,0
6,7,1,1,3,0,0,2,0,1,8,10,2,5,2,2,0,5,0,0,0,5,0,1,1,0,1,0,0,0,0,0,90,0,0,0,0,0,11,0,0,0,2,0,0,0,0,0,0,9,2,0,1,1,0,3,1,1,0,0,0,14,9,4,1,0,1,0,20,1,0,1,0,0,0,1,0,3,2,0,0,22,22,11,0,3,1,0,0,0,0,3,0,3,11,0,0,0,0,0,2,2,2,7,12,1,3,0,7,0,0,1,11,32,32,0,1,2,8,0,0,18,1,0,6,4,0,1,5,0,0,0,0,12,10,10,30,0,0,0,0,0,7,21,0,0,0,0,2,1,0,0,1,0,14,18,0,0,0,0,2,1,0,0,0,0,0,0,4,2,0,0,1,0,0,0,1,0,0,0,0
9,8,0,0,0,0,0,0,0,0,18,10,2,1,3,9,0,7,0,0,3,7,0,2,0,0,3,0,0,0,0,0,0,68,0,0,0,0,0,0,0,0,0,0,0,0,0,0,0,2,1,0,0,2,0,0,0,1,0,0,0,5,3,22,0,0,1,0,5,0,0,0,0,0,0,1,3,8,0,0,0,8,10,18,0,0,1,0,0,0,0,8,0,1,6,0,0,0,0,0,0,0,0,7,4,1,1,1,4,0,0,1,5,34,14,0,0,0,1,1,0,14,0,0,4,1,0,0,1,0,0,0,0,14,11,6,13,0,1,0,0,0,5,15,0,0,0,0,1,0,0,0,0,1,8,10,0,0,0,0,1,0,0,0,0,0,0,3,6,3,0,0,0,0,2,0,0,0,0,0,0
0,0,1,1,3,1,1,6,0,0,3,1,8,5,0,1,9,3,0,0,0,0,0,0,1,0,1,0,0,0,0,0,0,0,23,0,0,0,0,0,0,0,1,0,0,0,0,0,0,2,5,0,0,1,0,1,1,0,0,0,0,0,0,0,0,0,0,0,0,0,0,0,0,0,0,0,1,0,0,0,0,0,0,0,0,0,0,0,0,0,0,0,1,0,0,0,0,0,0,0,0,0,0,0,0,1,0,0,0,0,0,1,1,0,0,2,5,0,1,0,0,0,0,0,1,0,0,2,0,0,1,0,0,0,0,0,0,0,3,0,2,0,0,2,0,0,1,0,0,0,0,0,0,0,0,2,0,0,1,0,0,0,2,0,0,0,0,1,0,0,0,2,0,0,0,0,1,0,0,0,0
1,1,0,0,0,0,0,1,0,0,1,2,3,2,0,0,3,1,0,0,0,0,0,0,0,0,0,0,0,0,0,0,0,0,0,6,0,0,0,0,0,0,0,0,0,0,0,0,0,0,1,0,0,0,1,0,1,0,0,0,0,0,0,0,0,0,1,0,0,0,0,0,0,0,0,0,0,0,0,0,0,0,0,0,0,0,0,0,0,0,0,0,0,0,0,0,0,0,0,0,0,0,0,0,0,0,0,0,0,0,0,0,0,1,0,0,0,1,1,0,0,0,0,0,1,0,1,0,0,0,0,0,0,1,0,0,0,0,1,1,1,0,0,0,0,0,0,0,0,0,0,0,0,0,0,0,0,0,0,0,1,0,0,0,0,0,0,0,1,0,0,0,0,0,0,0,0,0,0,0,0
1,2,5,4,7,0,1,3,1,4,5,0,5,9,0,0,0,1,3,4,1,0,1,0,0,0,1,0,0,0,0,0,0,0,0,0,114,0,0,0,0,0,66,0,0,0,0,0,0,0,2,2,3,6,2,3,4,0,0,0,1,1,2,0,5,5,7,3,2,0,1,0,1,0,6,9,9,1,0,0,0,0,0,0,20,26,10,1,0,11,0,1,1,1,1,2,0,0,1,0,12,9,46,1,0,9,0,0,1,0,0,0,1,12,1,5,2,57,20,0,0,0,10,0,1,0,2,6,1,0,0,0,0,0,0,0,0,3,12,9,12,2,3,1,0,3,3,26,5,1,5,0,1,0,1,0,0,1,1,0,0,0,2,0,0,0,0,0,1,0,5,3,0,0,0,0,4,0,0,1,0
0,0,1,1,2,0,0,1,0,1,4,1,0,2,0,0,1,0,0,0,0,0,0,0,0,0,1,0,0,0,0,0,0,0,0,0,0,13,0,0,0,0,8,0,0,0,0,1,0,0,0,0,2,1,0,0,0,0,0,0,0,0,1,0,2,0,1,0,0,0,0,0,0,0,1,1,0,0,0,0,0,0,0,0,0,0,0,0,0,0,0,0,0,0,0,0,0,1,2,3,1,1,3,0,0,1,0,0,0,0,0,0,0,0,0,1,0,3,0,0,0,0,0,0,1,0,0,0,0,0,0,0,0,0,0,0,0,0,1,0,2,0,0,0,0,1,0,1,0,1,3,0,0,0,0,0,0,0,0,0,0,0,0,1,0,0,0,0,0,0,0,1,0,0,0,0,0,0,0,1,0
3,1,3,4,2,0,0,5,0,0,3,2,4,2,0,1,0,3,0,2,0,0,1,1,0,0,1,0,0,0,0,0,11,0,0,0,0,0,38,0,0,0,1,0,0,1,0,0,1,2,0,0,1,0,1,2,0,0,0,0,0,0,3,1,1,0,3,0,3,0,1,1,0,0,1,5,3,3,1,0,0,2,2,0,1,3,10,0,3,2,0,0,1,0,0,3,0,0,0,0,4,4,11,1,2,1,1,0,2,0,0,2,2,6,2,2,2,14,3,0,0,0,0,0,0,0,1,1,1,0,0,1,0,3,1,1,0,1,3,2,1,0,3,3,0,2,0,5,1,1,1,0,1,0,0,0,0,0,0,0,0,0,0,0,0,0,0,0,0,0,0,0,0,0,0,0,1,0,0,0,0
0,0,19,20,0,0,0,1,8,28,1,0,3,2,0,0,0,0,16,6,0,0,1,0,0,0,2,0,0,0,0,0,0,0,0,0,0,0,0,173,0,1,0,8,23,0,4,19,0,0,0,8,16,3,1,0,0,0,0,0,8,0,0,0,3,7,0,19,0,0,0,0,12,18,27,1,3,0,0,0,0,1,0,0,3,5,1,11,6,13,0,0,1,0,0,1,3,8,17,39,23,30,16,0,0,3,0,0,0,0,0,0,0,3,0,1,0,15,5,0,0,0,3,5,0,0,0,1,1,0,0,0,0,0,0,0,0,0,0,2,4,6,0,0,8,19,1,5,1,9,10,0,0,0,0,0,3,2,0,0,0,0,0,3,1,0,0,0,0,0,0,0,0,0,0,0,1,0,3,1,0
0,0,2,1,0,0,0,0,2,0,0,0,0,0,0,0,0,0,3,1,0,0,0,0,0,0,0,0,0,0,0,0,0,0,0,0,0,0,0,0,14,0,0,0,0,0,0,0,0,0,0,3,1,0,0,0,0,0,0,0,1,0,0,0,0,0,0,1,0,0,0,0,2,2,0,0,0,0,0,0,0,0,0,0,0,0,0,0,0,0,0,0,0,0,0,0,0,0,1,2,0,0,1,0,0,0,0,0,0,0,0,0,0,0,0,0,0,0,0,0,0,0,0,0,0,0,0,0,0,0,0,0,0,0,0,0,0,0,0,0,0,0,0,0,0,1,0,0,0,1,0,0,0,0,0,0,0,0,0,0,0,0,0,0,0,0,0,0,0,0,0,0,0,0,0,0,0,0,0,0,0
0,0,1,0,0,0,0,0,3,1,0,0,0,0,0,0,0,0,1,2,0,0,0,0,0,0,0,0,0,0,0,0,0,0,0,0,0,0,0,1,0,20,0,2,0,0,0,2,0,0,0,0,2,0,0,0,0,0,0,0,0,0,0,0,0,3,0,4,0,0,0,0,0,2,5,0,0,0,0,0,0,1,0,0,0,0,0,4,2,1,0,0,0,0,0,0,0,1,2,2,3,3,1,0,0,0,0,0,0,0,0,0,0,0,0,0,0,0,0,0,0,0,0,1,0,0,0,0,0,0,0,0,0,0,0,0,0,0,0,0,0,0,0,0,2,2,0,0,0,0,0,0,0,0,0,0,0,0,0,0,0,0,0,0,1,0,0,0,0,0,0,0,0,0,0,0,0,0,0,0,0
0,1,9,6,6,0,1,5,5,9,5,1,4,9,0,0,2,3,4,3,2,0,3,0,0,0,1,0,0,0,0,0,2,0,1,0,66,8,1,0,0,0,133,0,1,1,1,2,0,0,4,3,9,6,2,3,5,0,0,0,4,1,2,0,11,4,7,7,2,0,0,0,3,6,8,11,8,1,0,0,0,0,0,0,17,16,8,6,3,15,0,1,2,2,1,1,1,5,16,20,17,22,29,1,1,3,0,0,0,0,0,1,1,8,0,6,2,37,13,0,0,0,6,6,0,0,2,4,1,0,0,0,0,0,0,0,0,4,8,5,6,5,4,0,4,8,2,13,6,12,10,0,0,0,0,0,3,1,1,0,0,0,3,1,0,0,0,0,1,0,0,2,0,0,0,0,2,0,1,1,0
0,0,1,1,0,0,0,0,0,2,0,0,0,1,0,0,0,0,2,1,0,0,0,0,0,0,1,0,0,0,0,0,0,0,0,0,0,0,0,8,0,2,0,14,1,0,0,0,0,0,0,0,7,0,0,0,0,0,0,0,0,0,0,0,1,1,0,2,0,0,0,0,1,6,1,0,0,0,0,0,0,1,0,0,0,0,0,1,0,0,0,0,0,0,0,0,0,0,1,1,1,3,1,0,0,0,0,0,0,0,0,0,0,1,0,1,0,1,1,0,0,0,0,0,0,0,0,0,1,0,0,0,0,0,0,0,0,0,0,0,0,1,0,0,0,1,1,0,1,2,0,0,0,0,0,0,1,1,0,0,0,0,0,0,1,0,0,0,0,0,0,0,0,0,0,0,0,0,0,0,0
0,0,1,7,0,0,0,0,2,3,0,0,0,1,0,0,0,0,2,1,0,0,0,0,0,0,0,0,0,0,0,0,0,0,0,0,0,0,0,23,0,0,1,1,29,0,3,1,0,0,0,2,2,0,0,0,0,0,0,0,2,0,0,0,0,1,1,6,0,0,0,0,4,5,11,0,0,0,0,0,0,1,0,0,1,1,0,2,2,3,0,0,1,0,0,0,4,0,1,1,5,4,1,0,0,0,0,0,0,0,0,0,0,1,0,1,0,2,2,0,0,0,0,2,0,0,0,0,0,0,0,0,0,0,0,0,0,0,0,1,1,1,0,0,1,1,0,1,1,0,0,0,0,0,0,0,0,0,0,0,0,0,0,1,1,0,0,0,0,0,0,0,0,0,0,0,0,0,1,0,0
0,0,0,0,0,0,0,0,0,0,0,0,0,0,0,0,0,0,0,0,0,0,0,1,0,0,0,0,0,0,0,0,0,0,0,0,0,0,1,0,0,0,1,0,0,3,0,0,1,0,0,0,0,0,0,1,0,0,0,0,0,0,0,0,0,0,0,0,0,0,0,0,0,0,0,0,0,0,0,0,0,0,0,0,0,0,0,0,0,0,0,0,0,0,0,0,0,1,0,0,1,0,0,0,0,0,0,0,0,0,0,0,0,1,0,0,0,0,0,0,0,0,0,0,0,0,0,0,0,0,0,1,0,0,0,0,0,0,0,0,0,0,1,0,0,0,0,0,0,0,1,0,0,0,0,0,0,0,0,0,0,0,0,0,0,0,0,0,0,0,0,0,0,0,0,0,0,0,0,0,0
0,0,2,1,0,0,0,0,2,2,0,0,0,1,0,0,0,0,0,1,0,0,0,0,0,0,0,0,0,0,0,0,0,0,0,0,0,0,0,4,0,0,1,0,3,0,18,0,0,0,0,3,1,0,0,0,0,0,0,0,1,0,0,0,0,1,2,2,0,0,0,0,3,4,3,0,0,0,0,0,0,0,0,0,0,0,0,0,2,3,0,0,0,0,0,0,1,0,1,1,0,0,3,0,0,0,0,0,0,0,0,0,0,0,0,0,0,1,0,0,0,0,0,0,0,0,0,0,0,0,0,0,0,0,0,0,0,0,0,1,0,0,0,0,1,1,0,0,0,2,0,0,0,0,0,0,0,0,0,0,0,0,0,2,1,0,0,0,0,0,0,0,0,0,0,0,0,0,1,0,0
0,0,3,4,0,0,0,1,0,4,0,0,0,0,0,0,0,0,2,1,0,0,0,0,0,0,0,0,0,0,0,0,0,0,0,0,0,1,0,19,0,2,2,0,1,0,0,28,0,0,0,2,4,0,0,0,0,0,0,0,4,0,0,0,2,0,0,6,0,0,0,0,3,5,5,1,0,0,0,0,0,0,0,0,0,0,0,1,2,1,0,0,0,0,0,0,0,0,2,2,4,2,4,0,0,0,0,0,0,0,0,0,0,0,0,0,0,3,0,0,0,0,0,3,0,0,0,0,0,0,0,0,0,0,0,0,0,0,0,0,0,0,0,0,2,4,0,0,0,0,0,0,0,0,0,0,1,0,0,0,0,0,0,3,1,0,0,0,0,0,0,0,0,0,0,0,0,0,2,0,0
0,0,0,0,0,1,0,1,0,0,1,0,0,0,0,0,0,0,0,0,0,1,0,1,0,0,1,1,1,4,4,1,0,0,0,0,0,0,1,0,0,0,0,0,0,1,0,0,12,0,0,0,0,0,0,1,0,0,0,6,0,1,0,0,0,0,0,0,0,0,2,0,0,0,0,0,0,0,5,1,0,0,0,0,0,0,0,0,0,0,0,0,0,1,0,0,0,0,0,0,0,0,0,0,0,0,4,1,3,2,0,0,1,1,0,0,0,0,0,0,0,0,0,0,0,0,0,0,0,7,0,4,0,0,0,1,0,0,0,0,0,0,1,0,0,0,0,0,0,0,0,1,2,3,0,0,0,0,1,0,0,1,0,0,0,1,0,0,0,0,0,0,0,0,0,0,0,0,0,0,0
0,2,0,0,0,0,0,0,0,0,3,1,2,0,2,1,0,0,0,0,1,4,0,1,0,0,1,0,0,0,0,2,9,2,2,0,0,0,2,0,0,0,0,0,0,0,0,0,0,16,3,0,0,1,0,3,1,1,0,0,0,0,0,0,0,0,0,0,2,2,0,0,0,0,0,0,0,0,0,0,0,4,3,0,0,0,0,0,0,0,0,1,0,0,2,0,0,0,0,0,0,0,0,0,0,0,0,0,0,0,0,3,0,4,3,0,1,0,0,0,0,1,0,0,0,0,0,0,1,0,0,0,0,8,0,2,0,0,0,0,0,0,1,0,0,0,0,0,0,0,0,0,0,0,0,0,0,0,0,0,0,2,0,0,0,0,0,0,0,0,0,0,0,0,1,0,0,0,0,0,0
1,0,0,0,0,0,0,0,0,0,1,0,2,2,0,0,2,2,0,0,0,0,0,0,0,0,0,0,0,0,0,0,2,1,5,1,2,0,0,0,0,0,4,0,0,0,0,0,0,3,16,0,0,0,0,1,3,0,0,0,0,0,1,0,0,0,1,0,1,0,0,0,0,0,0,1,0,0,0,0,0,1,0,0,0,0,1,0,0,0,0,0,0,0,1,0,0,0,0,0,0,0,1,0,0,0,0,0,0,0,0,2,0,0,2,0,1,1,1,0,0,0,0,0,0,1,0,0,1,0,0,0,0,0,0,1,0,1,0,0,0,0,1,0,0,0,0,0,1,0,0,0,0,0,1,1,0,0,0,0,2,0,1,0,0,0,0,1,1,0,0,1,0,0,2,0,0,0,0,0,0
0,0,2,1,0,0,0,0,2,3,0,0,0,1,0,0,0,0,4,1,0,0,0,0,0,0,0,0,0,0,0,0,0,0,0,0,2,0,0,9,3,0,3,0,2,0,3,2,0,0,0,23,0,0,0,0,0,0,0,0,0,0,0,0,0,0,0,1,0,0,0,0,0,3,3,1,0,0,0,0,0,1,0,0,0,1,0,1,0,0,0,0,0,0,0,0,0,0,0,2,0,1,2,0,0,0,0,0,0,0,0,0,0,0,0,0,0,0,0,0,0,0,0,1,0,0,0,0,0,0,0,0,0,0,0,0,0,0,0,0,0,0,0,0,0,0,0,0,0,0,0,0,0,0,0,0,0,0,0,0,0,0,0,1,0,0,0,0,0,0,0,0,0,0,0,0,1,0,0,0,0
0,0,4,3,1,0,0,1,3,5,3,0,3,1,0,0,0,0,1,0,0,0,1,0,0,0,1,0,0,0,0,0,1,0,0,0,3,2,1,16,1,2,9,7,2,0,1,4,0,0,0,0,38,0,1,1,0,0,0,0,1,0,0,0,1,3,0,8,1,0,1,0,2,9,3,1,0,0,0,0,0,0,0,0,1,2,0,4,1,1,0,0,0,0,0,0,0,0,0,1,2,1,5,0,0,0,0,0,0,0,0,0,0,0,0,3,0,6,1,0,0,0,0,1,0,0,0,0,1,0,0,0,0,0,0,0,0,0,0,2,0,6,0,0,1,7,2,0,0,1,0,0,0,0,0,0,0,0,0,0,0,0,0,1,0,0,0,0,0,0,0,0,0,0,0,0,0,0,1,0,0
1,0,0,0,2,0,0,0,0,0,2,3,2,2,2,3,2,0,1,0,0,0,0,1,0,0,0,0,0,0,0,2,1,2,2,0,6,1,0,3,0,0,6,0,0,0,0,0,0,1,1,0,0,19,0,0,0,0,0,0,0,0,0,0,1,1,1,0,1,0,0,0,0,1,2,2,2,0,0,0,0,0,0,1,0,2,2,0,0,2,0,1,0,0,0,0,0,0,0,1,2,2,2,0,0,0,0,0,0,0,0,0,1,2,0,0,0,3,2,1,0,0,0,0,0,1,0,0,1,0,0,0,0,2,1,1,0,0,0,2,2,0,0,1,0,2,0,2,1,0,0,0,0,0,0,0,0,0,0,0,0,0,0,0,0,0,0,0,0,0,0,0,0,0,0,0,0,0,0,0,0
0,0,1,0,0,0,0,0,0,1,0,0,4,1,0,0,2,0,0,0,0,0,0,0,0,0,0,0,0,0,0,0,0,0,0,1,4,0,1,1,0,0,2,0,0,0,0,0,0,0,0,0,1,0,8,0,0,0,0,0,0,0,0,0,0,0,0,0,0,0,0,0,0,0,0,0,2,0,0,0,0,0,0,0,0,3,0,0,0,1,0,0,0,0,0,0,0,0,0,0,0,0,1,0,0,0,0,0,0,0,0,0,0,0,0,1,0,2,1,0,0,0,0,0,0,0,0,0,0,0,0,0,0,0,0,0,0,0,0,0,0,0,0,0,0,0,0,0,0,0,0,0,0,0,0,0,0,0,0,0,0,0,0,0,0,0,0,0,0,0,0,0,0,0,0,0,0,0,0,0,0
0,0,1,0,1,0,0,0,0,0,1,0,1,1,0,0,0,0,0,0,0,1,2,1,0,0,0,0,0,0,0,0,3,0,1,0,3,0,2,0,0,0,3,0,0,1,0,0,1,3,1,0,1,0,0,12,0,0,0,0,1,0,0,0,0,0,0,0,0,0,0,0,0,1,0,0,0,0,0,0,0,0,1,0,2,2,0,0,0,0,0,0,0,0,0,0,0,0,0,0,0,1,0,0,0,0,0,0,1,0,0,0,0,3,1,1,0,1,2,0,0,0,2,0,0,0,0,0,1,0,0,1,0,2,0,0,0,0,0,4,0,1,3,0,0,1,0,1,0,0,1,0,0,0,0,1,0,0,0,0,0,0,0,0,0,0,0,0,0,0,0,0,0,0,0,0,0,0,0,0,0
1,0,2,0,1,0,0,2,0,0,1,1,2,0,0,0,0,0,1,0,0,0,1,0,0,0,0,0,0,0,0,0,1,0,1,1,4,0,0,0,0,0,5,0,0,0,0,0,0,1,3,0,0,0,0,0,10,0,0,0,0,0,1,0,0,0,1,0,0,0,0,0,0,0,0,0,0,0,0,0,0,0,0,0,0,1,0,0,1,1,0,0,0,0,0,0,0,0,0,0,0,0,0,0,0,0,0,0,0,0,0,0,1,0,0,1,0,1,0,0,0,0,0,0,0,0,0,0,0,0,0,0,0,1,0,0,0,0,0,0,0,0,0,0,0,0,0,0,0,0,0,0,0,0,0,0,0,0,0,0,0,0,0,0,0,0,0,0,1,0,0,0,0,0,0,0,1,0,0,0,0
0,0,0,0,0,2,3,1,0,0,1,0,1,0,4,1,0,0,0,0,0,1,0,5,6,0,1,4,9,4,3,2,1,1,0,0,0,0,0,0,0,0,0,0,0,0,0,0,0,1,0,0,0,0,0,0,0,25,0,0,0,0,0,0,0,0,0,0,0,0,1,0,0,0,0,0,0,0,3,1,0,0,0,0,0,0,0,0,0,0,1,0,0,1,0,0,0,0,0,0,0,0,0,0,0,0,10,3,3,1,1,0,0,0,1,0,0,0,0,0,1,0,0,0,0,1,0,1,0,7,9,1,2,0,1,1,1,0,0,0,2,0,0,0,0,0,0,0,0,0,0,11,3,4,0,0,0,0,0,7,0,0,0,0,0,3,6,1,0,0,0,0,1,0,0,0,0,0,0,0,0
0,0,0,0,0,3,11,0,0,0,0,0,0,0,0,0,0,0,0,0,0,0,0,0,2,0,1,0,1,12,21,0,0,0,0,0,0,0,0,0,0,0,0,0,0,0,0,0,0,0,0,0,0,0,0,0,0,0,34,0,0,0,0,0,0,0,0,0,0,0,0,0,0,0,0,0,0,0,10,11,3,0,0,0,0,0,0,0,0,0,5,0,0,3,0,0,0,0,0,0,0,0,0,0,0,0,0,1,3,30,0,0,0,0,0,0,0,0,0,1,11,0,0,0,0,0,0,0,0,8,9,2,15,0,0,0,0,0,0,0,0,0,0,0,0,0,0,0,0,0,0,0,22,9,0,0,0,0,2,5,0,0,0,0,0,3,0,0,0,0,0,0,0,0,0,0,0,0,0,0,0
0,0,0,0,0,3,6,0,0,0,1,0,0,0,2,0,0,0,0,0,0,0,0,6,0,1,1,0,2,17,12,0,0,0,0,0,0,0,0,0,0,0,0,0,0,0,0,0,6,0,0,0,0,0,0,0,0,0,0,31,0,0,0,0,0,0,0,0,0,0,0,1,0,0,0,0,0,0,10,0,11,0,0,0,0,0,0,0,0,0,2,0,0,4,0,0,0,0,0,0,0,0,0,0,0,0,4,3,9,10,5,0,0,0,0,0,0,0,0,2,0,0,0,0,0,0,0,0,0,11,7,6,6,0,0,0,1,0,0,0,0,0,0,0,0,0,0,0,0,0,0,1,17,8,0,0,0,0,1,6,0,0,0,0,0,2,1,0,0,0,0,0,0,0,0,0,0,0,0,0,0
0,0,0,1,0,0,0,0,4,3,1,0,0,1,0,0,0,0,3,0,0,0,0,0,0,0,0,0,0,0,0,0,0,0,0,0,1,0,0,9,2,0,4,0,2,0,1,4,0,0,0,0,1,0,0,1,0,0,0,0,18,0,0,0,0,3,1,2,0,0,0,0,0,4,3,0,0,0,0,0,0,0,0,0,0,0,0,0,0,0,0,0,0,0,0,0,0,0,1,1,4,4,3,0,0,0,0,0,0,0,0,0,0,0,0,0,0,1,1,0,0,0,0,0,0,0,0,0,0,0,0,0,0,0,0,0,0,0,0,2,0,0,0,0,1,0,0,0,0,0,1,0,0,0,0,0,0,0,0,0,0,0,0,1,1,0,0,0,0,0,0,0,0,0,0,0,0,0,1,0,0
3,1,0,0,0,0,0,0,0,0,2,1,0,1,0,2,0,4,0,0,0,1,0,0,0,0,1,1,0,0,0,1,14,5,0,0,1,0,0,0,0,0,1,0,0,0,0,0,1,0,0,0,0,0,0,0,0,0,0,0,0,22,0,0,0,0,1,0,0,0,0,0,0,0,0,0,1,0,0,0,0,6,4,4,0,1,0,0,0,0,0,1,0,0,3,0,0,0,0,0,0,0,0,2,2,0,2,0,0,0,0,0,4,7,7,0,0,1,0,0,0,5,0,0,0,0,0,0,0,0,0,1,0,0,0,2,13,0,0,0,0,0,1,6,0,0,0,0,0,0,0,0,0,0,3,8,0,0,0,0,0,2,0,0,0,0,0,0,0,1,0,0,0,0,0,0,0,0,0,0,0
1,2,0,0,0,0,0,1,0,0,2,4,1,0,0,1,0,1,0,0,0,1,0,0,0,0,1,0,0,1,0,0,9,3,0,0,2,1,3,0,0,0,2,0,0,0,0,0,0,0,1,0,0,0,0,0,1,0,0,0,0,0,18,0,1,0,1,0,1,0,0,0,0,0,0,2,0,1,1,0,0,4,6,0,0,0,0,0,0,0,0,2,0,0,2,0,0,0,0,0,1,1,0,1,0,0,0,0,2,0,0,1,0,8,6,1,0,0,2,0,0,2,0,0,2,0,0,0,0,0,0,0,0,1,1,2,4,0,1,0,0,0,1,4,0,0,0,0,0,1,0,0,1,0,4,2,0,0,0,0,0,0,0,0,0,0,0,0,1,0,0,0,0,0,0,0,2,0,0,0,0
2,2,0,1,0,0,0,0,0,0,0,0,0,0,0,0,0,0,0,0,0,0,0,0,0,0,1,0,0,0,0,0,4,22,0,0,0,0,1,0,0,0,0,0,0,0,0,0,0,0,0,0,0,0,0,0,0,0,0,0,0,0,0,27,0,0,0,0,0,0,0,0,0,0,0,0,1,1,0,0,0,0,6,13,0,0,1,0,0,0,0,3,0,0,2,0,0,0,0,0,0,0,1,4,4,1,0,0,0,0,0,0,0,20,6,0,0,1,1,0,0,6,0,0,2,0,0,0,0,0,0,0,0,3,8,4,10,0,0,0,0,0,0,8,0,1,0,0,1,0,0,0,0,0,5,8,0,0,0,0,0,0,0,0,0,0,0,1,3,3,0,0,0,0,0,0,0,0,0,0,0
0,0,1,0,0,0,0,0,3,2,1,1,1,1,0,0,1,0,0,1,1,0,0,0,0,0,1,0,0,0,0,0,1,0,0,0,5,2,1,4,0,1,11,1,0,0,0,2,0,0,0,0,1,1,0,0,0,0,0,0,0,0,1,0,19,0,1,0,0,0,0,0,1,2,0,1,0,0,0,0,0,0,0,0,1,1,1,0,0,0,0,0,0,0,0,0,0,1,3,2,5,5,5,0,0,1,0,0,0,0,0,1,0,1,0,0,1,3,1,0,0,0,0,2,0,0,0,1,0,0,0,0,0,0,0,0,0,0,1,0,0,0,0,0,2,1,0,0,1,4,1,0,0,0,0,0,0,0,0,0,0,0,0,1,1,0,0,0,0,0,0,0,0,0,0,0,1,0,1,0,0
0,0,0,3,0,0,0,0,2,4,1,0,0,3,0,0,0,0,1,2,0,0,0,0,0,0,0,0,0,0,0,0,0,0,0,0,5,0,0,8,0,3,4,1,1,0,1,0,0,0,0,1,3,1,0,0,0,0,0,0,3,0,0,0,0,21,2,1,0,0,0,0,0,1,1,1,0,0,0,0,0,0,0,0,0,0,0,1,1,0,0,0,0,0,0,0,0,0,1,3,3,8,5,0,0,0,0,0,0,0,0,0,0,1,0,2,0,4,2,0,0,0,0,2,0,0,0,0,0,0,0,0,0,0,0,0,0,0,1,0,1,2,0,0,1,3,2,4,0,0,1,0,0,0,0,0,0,1,0,0,0,0,0,0,0,0,0,0,0,0,1,0,0,0,0,0,0,0,1,0,0
0,1,0,2,1,0,0,0,0,3,1,0,2,3,0,0,0,0,0,2,0,0,0,0,0,0,0,0,0,0,0,0,1,1,0,1,7,1,3,0,0,0,7,0,1,0,2,0,0,0,1,0,0,1,0,0,1,0,0,0,1,1,1,0,1,2,17,0,1,0,0,0,1,0,1,0,3,1,0,0,0,0,0,0,0,0,0,0,0,0,0,0,0,0,0,1,0,0,0,0,0,0,4,0,1,0,0,0,0,0,0,0,0,1,1,2,0,7,1,0,0,1,0,0,1,0,0,0,0,0,0,0,0,0,0,0,0,0,2,0,2,0,1,0,0,0,2,0,1,0,0,0,0,0,1,0,0,0,0,0,0,0,0,0,0,0,0,0,0,0,0,0,0,0,0,0,0,0,0,0,0
0,0,5,4,0,0,0,0,1,10,1,0,0,0,0,0,0,0,4,0,0,0,0,0,0,0,0,0,0,0,0,0,0,0,0,0,3,0,0,21,1,4,7,2,6,0,2,7,0,0,0,2,8,0,0,0,0,0,0,0,2,0,0,0,0,1,0,38,1,0,0,0,3,5,6,0,1,0,0,0,0,0,0,0,2,0,0,1,2,1,0,0,0,0,0,0,0,0,2,2,6,3,2,0,0,0,0,0,0,0,0,0,0,2,0,1,0,2,3,0,0,0,0,1,0,0,0,0,1,0,0,0,0,0,0,0,0,0,0,0,1,4,0,0,1,2,0,0,0,0,1,0,0,0,0,0,0,0,0,0,0,0,0,0,0,0,0,0,0,0,0,0,0,0,0,0,0,0,0,0,0
3,0,0,0,0,0,0,1,0,0,8,1,1,1,0,1,0,2,0,0,0,1,0,1,0,0,0,0,0,0,0,0,20,6,0,0,2,0,3,0,0,0,2,0,0,0,0,0,0,2,1,0,1,1,0,0,0,0,0,0,0,1,1,0,0,0,1,1,30,0,0,0,0,0,0,1,0,2,0,0,0,7,5,3,0,1,0,0,0,0,0,0,0,2,2,0,0,0,0,0,0,0,0,2,3,0,2,1,3,0,0,0,5,11,8,0,0,0,2,0,0,4,0,0,2,1,0,1,2,0,0,0,0,8,6,0,0,0,0,0,1,2,3,7,0,0,0,0,0,0,0,0,0,0,3,4,0,0,1,0,2,0,0,0,0,0,0,0,0,0,0,0,0,0,1,0,0,0,0,0,0
0,0,0,0,1,0,0,1,0,0,3,0,0,0,0,1,0,0,0,0,0,0,0,5,2,0,0,2,2,1,3,2,1,0,0,0,0,0,0,0,0,0,0,0,0,0,0,0,0,2,0,0,0,0,0,0,0,0,0,0,0,0,0,0,0,0,0,0,0,12,0,0,0,0,0,0,0,0,2,2,0,0,0,0,0,0,0,0,0,0,1,0,0,0,0,0,0,0,0,0,0,0,1,0,1,0,1,3,3,1,0,2,0,0,0,0,0,1,0,0,2,1,0,0,0,0,0,1,0,6,2,0,0,2,1,0,0,0,0,0,0,0,0,0,0,0,0,0,0,0,0,6,1,0,0,0,0,0,0,0,0,2,0,0,0,0,1,0,0,0,0,0,0,0,0,0,0,0,0,0,0
0,0,0,0,0,13,8,0,0,0,1,0,0,0,0,0,0,0,0,0,0,0,0,2,2,0,1,0,0,4,40,1,0,0,0,0,1,0,1,0,0,0,0,0,0,0,0,0,2,0,0,0,1,0,0,0,0,1,0,0,0,0,0,0,0,0,0,0,0,0,47,0,0,0,0,0,0,0,20,10,11,0,0,0,0,0,0,0,0,0,5,0,0,4,0,0,0,0,0,0,0,0,0,0,0,0,0,2,7,30,5,0,0,0,0,0,0,0,1,3,14,0,0,0,0,0,1,1,0,17,12,7,5,0,1,0,0,0,0,1,1,0,0,0,0,0,0,0,0,0,0,0,17,14,0,0,0,0,2,3,0,0,0,0,0,2,2,0,0,0,1,1,0,0,0,0,0,0,0,0,0
0,0,0,0,1,12,4,0,0,0,2,0,0,0,4,0,0,0,0,0,0,0,0,2,0,0,3,0,0,12,20,0,1,0,0,0,0,0,1,0,0,0,0,0,0,0,0,0,0,0,0,0,0,0,0,0,0,0,0,1,0,0,0,0,0,0,0,0,0,0,0,33,0,0,0,0,0,0,16,6,0,0,2,0,0,0,0,0,0,0,1,0,0,1,0,0,0,0,0,0,0,0,0,0,0,0,1,2,19,2,7,0,0,0,1,0,0,0,0,0,15,0,0,0,2,0,0,0,0,9,14,3,4,0,0,0,1,0,0,0,0,0,0,0,0,0,0,0,0,0,0,0,8,12,0,0,0,0,0,6,0,0,0,0,0,0,1,0,0,0,0,0,1,0,0,0,0,0,0,0,0
0,0,0,4,0,0,0,0,0,4,0,0,0,0,0,0,0,0,1,3,0,0,0,0,0,0,0,0,0,0,0,0,0,0,0,0,1,0,0,13,2,0,3,1,4,0,3,4,0,0,0,0,2,0,0,0,0,0,0,0,0,0,0,0,1,0,1,4,0,0,0,0,25,3,2,0,0,0,0,0,0,0,0,0,0,1,0,1,3,1,0,0,0,0,0,0,0,0,1,3,2,2,2,0,0,0,0,0,0,0,0,1,0,0,0,0,0,2,0,0,0,0,0,0,0,0,0,0,0,0,0,0,0,0,0,0,0,0,0,0,1,0,1,0,1,1,0,0,0,0,0,0,0,0,0,0,0,0,0,0,0,0,0,0,0,0,0,0,0,0,0,0,0,0,0,0,0,0,1,0,0
0,0,6,4,0,0,0,0,5,5,1,0,0,1,0,0,0,0,4,3,0,0,0,0,0,0,1,0,0,0,0,0,0,0,0,0,0,0,0,21,2,4,7,6,5,0,5,7,0,0,0,5,9,1,0,1,0,0,0,0,5,0,0,0,2,1,0,8,0,0,0,0,3,45,0,0,0,0,0,0,0,1,0,0,0,0,0,5,0,2,0,1,0,0,0,0,0,0,1,2,5,1,4,0,0,0,0,0,0,0,0,0,0,1,0,0,0,3,3,0,0,0,0,0,0,0,0,0,0,0,0,0,0,0,0,0,0,0,0,1,1,1,0,0,0,1,0,0,1,1,0,0,0,0,0,0,0,0,0,0,0,0,0,1,1,0,0,0,0,0,0,0,0,0,0,0,0,0,0,0,0
0,0,7,5,1,0,0,1,0,8,0,0,2,0,0,0,0,1,0,4,0,0,0,0,0,0,0,0,0,0,0,0,0,0,0,0,6,1,1,29,1,5,8,1,13,0,4,5,0,0,0,3,3,2,0,0,0,0,0,0,3,0,0,0,0,1,2,8,0,0,0,0,5,0,51,4,0,0,0,0,0,0,0,0,1,2,1,4,5,3,0,0,0,0,0,1,3,0,3,2,13,12,5,0,0,0,0,0,0,0,0,0,0,1,0,1,0,5,2,0,0,0,0,3,0,0,0,0,0,0,0,0,0,0,0,0,0,1,1,0,2,2,0,0,5,2,0,3,0,1,4,0,0,0,0,0,0,0,0,0,0,0,1,3,0,0,0,0,0,0,0,0,0,0,0,0,2,0,1,2,0
0,0,1,2,2,0,0,5,0,0,1,1,4,2,0,1,0,3,0,1,0,0,1,0,0,0,0,0,0,0,0,0,1,1,0,0,9,1,6,1,0,0,12,0,0,0,0,1,0,0,1,1,2,2,0,1,0,0,0,0,0,0,2,0,1,1,0,0,1,0,0,0,0,0,4,20,0,0,0,0,0,1,0,0,0,6,2,0,0,0,0,0,1,0,0,0,0,0,0,0,3,2,3,0,0,0,0,0,0,0,0,0,3,2,0,0,0,8,3,0,0,0,1,0,0,0,0,1,0,0,0,0,0,1,0,0,0,1,2,2,2,0,0,0,0,0,0,3,3,1,0,0,0,1,0,0,0,0,1,0,0,0,0,0,0,0,0,0,0,0,0,0,0,0,0,0,2,0,0,1,0
0,0,0,0,0,0,0,1,0,0,2,0,1,1,0,1,1,2,0,0,0,0,1,0,0,0,0,0,0,0,0,0,0,3,1,0,9,0,3,3,0,0,8,0,0,0,0,0,0,0,0,0,0,2,2,0,0,0,0,0,0,1,0,1,0,0,3,1,0,0,0,0,0,0,0,0,19,1,0,0,0,1,0,1,1,3,3,1,0,2,0,1,0,0,1,3,0,0,0,0,1,1,5,1,0,1,0,0,0,0,0,0,0,3,1,1,0,5,4,0,0,1,0,0,0,0,1,0,0,0,0,0,0,0,0,0,1,0,1,0,3,0,0,0,0,0,0,1,0,0,0,0,0,0,1,0,0,0,0,0,1,0,1,0,0,0,0,0,0,0,0,0,0,0,0,0,0,0,0,0,0
2,0,1,0,0,0,0,0,0,0,2,4,0,1,0,4,0,0,0,0,1,1,0,1,0,0,1,0,0,0,0,1,3,8,0,0,1,0,3,0,0,0,1,0,0,0,0,0,0,0,0,0,0,0,0,0,0,0,0,0,0,0,1,1,0,0,1,0,2,0,0,0,0,0,0,0,1,16,0,0,0,3,2,0,1,0,0,0,1,0,0,0,0,1,2,0,0,0,0,0,0,0,1,0,1,1,0,0,1,0,0,2,4,2,0,0,0,2,1,0,0,2,0,0,0,1,0,0,0,0,0,0,0,0,0,4,2,0,1,0,0,0,0,3,0,0,0,0,1,0,0,0,0,0,0,0,0,0,0,0,1,0,0,0,0,0,0,1,1,0,0,0,0,0,1,0,0,0,0,0,0
0,0,0,0,0,8,7,1,0,0,1,0,0,0,0,0,0,0,0,0,0,0,0,5,4,0,4,0,3,16,43,1,2,0,0,0,0,0,1,0,0,0,0,0,0,1,0,0,5,0,0,0,0,0,0,0,0,3,10,10,0,0,1,0,0,0,0,0,0,2,20,16,0,0,0,0,0,0,65,0,0,0,4,0,0,0,0,0,0,0,2,0,0,2,0,0,0,0,0,0,0,0,0,0,0,0,4,1,13,38,6,0,1,1,2,0,0,0,0,1,31,0,0,0,1,0,0,0,0,22,16,11,11,0,0,1,1,0,0,0,0,0,0,1,0,0,0,0,0,0,0,5,22,19,1,0,0,0,0,4,0,0,0,0,0,1,3,0,0,0,0,0,0,0,0,0,0,0,0,0,0
0,0,0,0,0,9,9,0,0,0,0,0,0,0,2,0,0,0,0,0,0,0,0,5,0,0,1,2,0,11,18,0,0,0,0,0,0,0,0,0,0,0,0,0,0,0,0,0,1,0,0,0,0,0,0,0,0,2,11,0,0,0,0,0,0,0,0,0,0,2,10,6,0,0,0,0,0,0,0,30,0,0,0,0,0,0,0,0,0,0,2,0,0,3,0,0,0,0,0,0,0,0,0,0,0,0,1,2,9,17,1,0,0,0,0,0,0,0,0,3,0,0,0,0,0,0,0,0,0,8,8,4,10,0,0,0,0,0,0,0,0,0,0,0,0,0,0,0,0,0,0,1,16,4,0,0,0,0,2,2,0,0,0,0,0,2,1,0,0,0,0,0,0,0,0,0,0,0,0,0,0
0,0,0,0,0,1,9,0,0,0,0,0,0,0,0,0,0,0,0,0,0,0,0,2,1,0,0,0,0,9,17,0,0,0,0,0,0,0,0,0,0,0,0,0,0,0,0,0,0,0,0,0,0,0,0,0,0,0,3,11,0,0,0,0,0,0,0,0,0,0,11,0,0,0,0,0,0,0,0,0,26,0,0,0,0,0,0,0,0,0,6,0,0,5,0,0,0,0,0,0,0,0,0,0,0,0,1,0,10,4,11,0,0,0,0,0,0,0,0,0,5,0,0,0,0,0,0,0,0,13,7,2,3,0,0,0,0,0,0,0,0,0,0,0,0,0,0,0,0,0,0,0,11,10,0,0,0,0,1,2,0,0,0,0,0,1,0,0,0,0,0,0,0,0,0,0,0,0,0,0,0
2,3,0,0,0,0,0,0,0,0,4,5,1,2,0,4,0,0,0,2,0,0,0,0,0,0,3,0,0,0,0,0,22,9,0,0,1,0,2,1,0,1,1,1,1,0,0,0,0,4,2,1,0,0,0,0,1,0,0,0,0,6,5,0,0,0,1,0,7,0,0,0,0,1,0,1,1,3,0,0,0,34,0,0,0,5,0,0,0,0,0,3,0,2,5,0,0,0,0,0,0,0,0,1,1,0,0,0,2,0,0,0,4,6,14,0,0,1,1,0,0,13,0,0,1,2,0,1,2,0,0,0,0,7,0,5,6,0,0,0,0,0,0,11,0,0,0,0,0,0,0,0,0,1,3,4,0,0,0,0,1,0,0,0,0,0,0,0,0,1,0,0,0,0,0,0,0,0,0,0,0
3,1,0,0,0,0,0,0,0,0,3,1,1,0,1,0,0,2,0,0,0,4,0,0,0,0,0,0,0,1,2,0,22,10,0,0,0,0,2,0,0,0,0,0,0,0,0,0,0,3,0,0,0,0,0,1,0,0,0,0,0,4,6,6,0,0,0,0,5,0,0,2,0,0,0,0,0,2,4,0,0,0,35,0,0,0,0,0,0,0,0,1,0,0,2,0,0,0,0,0,0,0,0,0,5,1,0,0,4,0,0,0,1,25,5,0,0,0,4,0,0,6,0,0,5,0,0,0,1,0,0,0,1,7,4,3,15,0,0,0,0,0,6,9,0,0,0,0,1,0,0,0,2,0,4,5,0,0,0,0,1,0,0,0,0,0,0,0,0,0,0,0,1,0,0,0,0,0,0,0,0
2,3,0,0,0,0,0,0,0,0,4,0,1,0,0,0,0,0,0,0,1,1,0,0,0,0,1,0,0,0,0,0,11,18,0,0,0,0,0,0,0,0,0,0,0,0,0,0,0,0,0,0,0,1,0,0,0,0,0,0,0,4,0,13,0,0,0,0,3,0,0,0,0,0,0,0,1,0,0,0,0,0,0,29,0,0,0,0,0,0,0,3,0,1,8,0,0,0,0,0,0,0,1,6,4,0,0,0,1,0,0,0,0,22,6,0,0,1,2,1,0,5,0,0,2,0,0,0,1,0,0,0,0,6,5,5,7,0,0,0,0,0,3,8,0,0,0,0,1,0,0,0,0,0,5,5,0,0,0,0,0,0,0,0,0,0,0,0,1,0,0,0,0,0,0,0,0,0,0,0,0
0,0,2,1,2,0,0,1,0,0,1,0,0,1,0,0,0,0,1,0,1,0,2,0,0,0,0,0,0,0,0,0,0,0,0,0,20,0,1,3,0,0,17,0,1,0,0,0,0,0,0,0,1,0,0,2,0,0,0,0,0,0,0,0,1,0,0,2,0,0,0,0,0,0,1,0,1,1,0,0,0,0,0,0,28,0,0,0,0,8,0,0,1,0,1,1,1,0,0,0,3,1,16,0,0,0,0,0,0,0,0,0,0,1,0,0,1,18,3,0,0,0,3,0,0,0,0,0,0,0,0,0,0,0,0,0,0,1,1,4,3,0,0,0,0,0,1,5,1,0,1,0,0,0,0,0,0,0,0,0,0,0,0,0,0,0,0,0,0,0,0,0,0,0,0,0,0,0,0,0,0
1,0,2,1,2,0,1,0,1,0,2,0,1,4,0,0,0,0,0,3,1,0,0,0,0,0,1,0,0,0,0,0,3,0,0,0,26,0,3,6,0,1,16,1,2,0,0,0,0,0,0,2,2,2,3,2,1,0,0,0,0,1,0,0,1,0,0,0,1,0,0,0,1,1,2,6,3,0,0,0,0,7,0,0,0,39,0,0,0,0,0,0,1,0,1,1,0,0,0,0,2,2,13,0,0,2,0,0,0,0,0,0,1,6,1,1,0,22,5,0,0,0,6,0,0,0,0,2,1,0,0,0,0,2,0,1,0,2,1,4,3,0,2,3,0,1,0,7,3,0,2,0,0,0,1,0,0,0,0,0,0,0,0,0,0,0,0,0,0,0,0,1,0,0,0,0,0,0,0,0,0
0,1,1,3,1,0,0,0,0,1,2,1,0,1,0,0,0,0,0,0,0,0,0,0,0,0,0,0,0,0,0,0,1,1,0,0,10,0,10,1,0,0,8,0,0,0,0,0,0,0,1,0,0,2,0,0,0,0,0,0,0,0,0,1,1,0,0,0,0,0,0,0,0,0,1,2,3,0,0,0,0,0,0,0,0,0,25,0,0,7,0,0,0,2,0,3,0,0,0,0,4,5,14,0,1,4,0,0,0,0,0,0,0,1,1,0,0,15,1,0,0,0,0,0,1,0,0,0,2,0,0,0,0,0,0,0,0,2,0,1,0,0,2,0,0,2,0,5,2,0,1,0,0,0,0,0,0,0,0,0,0,0,0,0,0,0,0,0,0,0,0,0,0,0,0,0,1,0,0,0,0
0,0,0,4,0,0,0,0,2,3,0,0,0,0,0,0,0,0,0,1,0,0,0,0,0,0,0,0,0,0,0,0,0,0,0,0,1,0,0,11,2,5,6,1,2,0,0,1,0,0,0,2,4,0,0,0,0,0,0,0,0,0,0,0,0,1,0,2,0,0,0,0,2,6,4,0,1,0,0,0,0,0,0,0,0,0,0,27,2,0,0,0,0,0,0,0,0,1,3,5,3,4,1,0,0,0,0,0,0,0,0,0,0,0,0,0,0,0,0,0,0,0,0,1,0,0,0,0,0,0,0,0,0,0,0,0,0,0,0,0,0,3,0,0,3,6,0,0,0,2,1,0,0,0,0,0,0,1,0,0,0,0,0,0,0,0,0,0,0,0,0,0,0,0,0,0,0,0,0,0,0
0,0,4,0,0,0,0,0,2,1,0,0,0,0,0,0,0,0,2,0,0,0,0,0,0,0,0,0,0,0,0,0,0,0,0,0,0,0,3,7,0,2,3,0,2,0,3,2,0,0,0,0,1,0,0,0,1,0,0,0,0,0,0,0,0,1,0,2,0,0,0,0,3,0,5,0,0,1,0,0,0,0,0,0,0,0,0,2,22,4,0,0,0,0,0,0,2,1,3,4,3,4,3,0,0,0,0,0,0,0,0,0,0,0,0,0,0,4,0,0,0,0,0,0,0,0,1,0,0,0,0,0,0,0,0,0,0,0,0,0,0,0,0,0,0,5,0,2,0,1,1,0,0,0,0,0,0,0,0,0,0,0,0,1,0,0,0,0,0,0,0,0,0,0,0,0,0,0,0,1,0
0,0,2,3,1,0,0,0,0,3,0,0,1,0,0,0,0,1,3,1,0,0,0,0,0,0,0,0,0,0,0,0,0,0,0,0,11,0,2,14,0,1,15,0,4,0,3,1,0,0,0,0,1,2,1,0,1,0,0,0,0,0,0,0,0,0,0,2,0,0,0,0,1,2,4,0,2,0,0,0,0,0,0,0,8,0,7,0,5,36,0,0,2,1,0,0,3,0,3,3,8,8,6,0,0,0,0,0,0,0,0,0,0,1,0,0,1,9,1,0,0,0,2,1,0,0,0,0,1,0,0,0,0,0,0,0,0,0,1,1,0,0,0,0,2,1,0,0,1,4,1,0,0,0,0,0,1,0,0,0,0,0,0,0,0,0,0,0,0,0,0,0,0,0,0,0,2,0,1,0,0
0,0,0,0,0,1,2,0,0,0,0,0,0,0,0,0,0,0,0,0,0,0,0,1,1,0,0,1,2,4,9,0,0,0,0,0,1,0,0,0,0,0,1,0,0,0,0,0,0,0,0,0,0,0,2,0,0,1,5,2,0,0,0,0,0,0,0,0,0,1,5,1,0,0,0,0,1,0,2,2,6,0,0,0,0,0,0,0,0,1,16,0,0,1,0,0,0,0,0,0,0,0,0,0,0,0,0,1,4,8,3,0,0,0,0,0,0,0,0,1,3,0,0,0,0,0,0,0,0,6,6,1,3,0,0,0,0,0,0,0,0,0,0,0,0,0,0,0,0,0,0,0,2,6,0,0,0,0,0,4,0,0,0,0,0,1,0,0,0,0,0,0,0,0,0,0,0,0,0,0,0
1,2,0,0,0,0,0,0,0,0,3,2,0,0,2,1,0,0,0,0,0,1,0,0,0,0,0,0,0,0,0,0,3,8,0,0,1,0,0,0,0,0,1,0,0,0,0,0,0,1,0,0,0,1,0,0,0,0,0,0,0,1,2,3,0,0,0,0,0,0,0,0,0,1,0,0,1,0,0,0,0,3,1,3,0,0,0,0,0,0,0,13,0,1,1,0,0,0,0,0,0,0,0,0,1,0,0,0,0,0,0,0,0,6,4,0,0,0,1,0,0,0,0,0,0,0,0,0,1,0,0,0,0,0,3,1,1,0,0,0,0,0,1,1,0,0,0,0,1,0,0,0,0,0,2,3,0,0,0,0,0,0,0,0,0,0,0,0,0,1,0,0,0,0,0,0,0,0,0,0,0
0,0,0,1,0,0,0,0,0,1,1,0,0,0,0,0,0,0,1,0,0,0,0,0,0,0,2,0,0,0,0,0,0,0,1,0,1,0,1,2,0,0,2,1,1,0,0,0,0,0,0,0,1,0,0,0,0,0,0,0,0,0,0,0,1,0,0,0,0,0,0,0,0,1,0,1,0,0,0,0,0,0,0,0,1,1,0,0,0,2,0,0,5,0,0,0,1,0,0,0,1,1,0,0,0,0,0,0,0,0,0,0,0,0,0,0,1,1,0,0,0,0,0,0,1,0,0,0,0,0,0,0,0,0,0,0,0,0,1,0,0,0,0,1,0,0,0,0,1,0,0,0,0,0,0,0,0,0,0,0,0,0,0,0,0,0,0,0,0,0,0,0,0,0,0,0,0,0,0,0,0
0,0,0,0,0,2,3,1,0,0,1,0,0,0,1,0,0,0,0,0,0,0,0,2,0,0,1,0,1,8,5,0,3,1,0,0,1,0,0,0,0,0,2,0,0,0,0,0,1,0,0,0,0,0,0,0,0,1,3,4,0,0,0,0,0,0,0,0,2,0,4,1,0,0,0,0,0,1,2,3,5,2,0,1,0,0,2,0,0,1,1,1,0,20,0,0,0,0,0,0,0,0,1,0,0,0,3,0,2,6,3,0,0,2,2,0,0,1,0,0,1,0,0,0,1,0,0,0,0,10,4,0,0,0,0,2,0,0,0,0,0,1,2,3,0,0,0,0,0,0,0,0,1,5,0,0,0,0,0,0,0,0,0,0,0,0,0,0,0,0,0,0,0,0,0,0,0,0,0,0,0
2,3,0,0,0,0,0,0,0,0,4,0,1,0,1,1,0,0,0,0,0,1,0,0,0,0,1,0,0,0,0,1,11,7,0,0,1,0,0,0,0,0,1,0,0,0,0,0,0,2,1,0,0,0,0,0,0,0,0,0,0,3,2,2,0,0,0,0,2,0,0,0,0,0,0,0,1,2,0,0,0,5,3,8,1,1,0,0,0,0,0,2,0,0,19,0,0,0,0,0,0,0,1,1,0,0,0,0,0,0,0,0,2,11,3,0,0,1,1,0,0,3,0,0,0,1,0,0,0,0,0,0,0,4,2,3,3,0,0,0,0,0,3,0,0,0,0,0,0,0,0,0,0,0,2,2,0,0,0,0,1,0,0,0,0,0,0,0,1,0,0,0,0,0,0,0,0,0,0,0,0
0,1,0,0,0,0,0,0,0,0,2,0,0,1,0,0,0,0,0,1,1,0,0,0,0,0,0,0,0,0,0,0,0,0,0,0,2,0,3,1,0,0,1,0,0,0,0,0,0,0,0,0,0,0,0,0,0,0,0,0,0,0,0,0,0,0,1,0,0,0,0,0,0,0,1,0,3,0,0,0,0,0,0,0,1,1,3,0,0,0,0,0,0,0,0,7,0,0,0,0,0,0,4,0,0,0,0,0,0,0,0,0,0,0,0,0,0,3,0,0,0,0,0,0,0,0,0,0,0,0,0,0,0,0,0,0,0,0,0,0,0,0,0,0,0,0,0,0,0,0,0,0,0,0,0,0,0,0,0,0,0,0,0,0,0,0,0,0,0,0,0,0,0,0,0,0,0,0,0,0,0
0,0,1,2,0,0,0,0,0,1,0,0,0,0,0,0,0,0,0,0,0,0,0,0,0,0,0,0,0,0,0,0,0,0,0,0,0,0,0,4,0,0,1,0,4,0,1,1,0,0,0,0,0,0,0,0,0,0,0,0,0,0,0,0,0,0,0,1,0,0,0,0,0,0,4,0,0,0,0,0,0,0,0,0,1,0,0,0,2,3,0,0,1,0,0,0,5,0,0,0,0,1,0,0,0,0,0,0,0,0,0,0,0,0,0,0,0,0,0,0,0,0,0,0,0,0,0,0,0,0,0,0,0,0,0,0,0,0,0,0,0,0,0,0,0,0,0,0,0,0,0,0,0,0,0,0,0,0,0,0,0,0,0,0,0,0,0,0,0,0,0,0,0,0,0,0,0,0,0,0,0
0,0,4,1,0,0,0,0,0,0,0,0,0,0,0,0,0,0,2,0,0,0,0,0,0,0,0,0,0,0,0,0,0,0,0,0,0,1,0,8,0,1,5,0,0,1,0,0,0,0,0,0,0,0,0,0,0,0,0,0,0,0,0,0,1,0,0,0,0,0,0,0,0,0,0,0,0,0,0,0,0,0,0,0,0,0,0,1,1,0,0,0,0,0,0,0,0,25,1,12,1,2,1,0,0,1,0,0,0,0,0,0,0,0,0,0,0,0,0,0,0,0,0,0,0,0,0,0,0,0,0,0,0,0,0,0,0,0,0,0,0,0,0,0,0,3,0,1,0,5,6,0,0,0,0,0,4,0,0,0,0,0,0,0,0,0,0,0,0,0,0,0,0,0,0,0,0,0,0,0,0
0,0,4,5,0,0,0,1,3,7,1,0,0,1,0,0,0,0,1,2,0,0,0,0,0,0,1,0,0,0,0,0,0,0,0,0,1,2,0,17,1,2,16,1,1,0,1,2,0,0,0,0,0,0,0,0,0,0,0,0,1,0,0,0,3,1,0,2,0,0,0,0,1,1,3,0,0,0,0,0,0,0,0,0,0,0,0,3,3,3,0,0,0,0,0,0,0,1,50,36,10,19,2,1,1,2,0,0,0,0,0,0,0,0,0,0,0,0,0,0,0,0,1,3,0,0,0,0,0,0,0,0,0,0,0,0,0,0,0,0,0,0,1,0,4,7,0,1,0,16,12,0,0,0,1,0,6,2,0,0,0,0,0,0,0,0,0,0,0,0,0,1,0,0,0,0,1,0,1,0,0
0,0,14,8,0,0,0,0,10,10,1,0,0,1,0,0,0,0,1,2,0,0,0,0,0,0,1,0,0,0,0,0,0,0,0,0,0,3,0,43,2,3,21,1,1,0,2,2,0,0,0,3,2,1,0,0,0,0,0,0,1,0,0,0,3,3,0,3,0,0,0,0,3,8,2,0,0,0,0,0,0,0,0,0,0,0,0,7,5,5,0,0,0,0,0,0,0,13,38,100,3,26,2,1,1,3,0,0,0,0,0,0,0,0,0,0,0,0,0,0,0,0,0,4,0,0,0,0,0,0,0,0,0,0,0,0,0,0,0,0,0,1,1,0,6,18,0,3,0,19,19,0,0,0,1,0,7,2,0,0,0,0,0,0,0,0,0,0,0,0,0,1,0,0,0,0,1,0,1,0,0
0,1,5,5,2,0,0,0,4,7,1,1,1,0,0,0,0,0,2,0,0,0,0,0,0,0,0,0,0,0,0,0,2,0,0,0,12,1,4,24,0,3,17,1,5,1,0,4,0,0,0,0,2,2,0,0,0,0,0,0,4,0,1,0,5,3,0,6,0,0,0,0,3,5,13,3,1,0,0,0,0,0,0,0,3,2,4,3,3,8,0,0,1,0,0,0,0,1,11,4,71,46,6,2,0,4,0,0,0,0,0,0,0,1,0,0,0,5,1,0,0,0,2,2,0,0,1,1,1,0,0,0,0,0,0,0,0,1,2,1,0,2,1,0,7,12,0,2,0,12,6,0,0,0,0,0,4,1,0,0,0,0,0,1,0,0,0,0,0,0,0,0,0,0,0,0,1,0,0,0,0
0,1,12,12,1,0,0,0,10,12,0,1,0,1,0,0,0,0,4,2,0,0,0,0,0,0,0,0,0,0,0,0,2,0,0,0,11,1,4,48,3,4,25,4,10,0,2,3,0,0,0,5,3,4,0,1,0,0,0,0,6,0,1,0,5,8,0,6,0,0,0,0,5,8,16,2,1,0,0,0,0,0,0,0,2,2,5,7,4,11,0,1,2,0,0,0,2,4,21,42,54,94,0,2,1,5,0,0,0,0,0,0,0,1,0,0,0,0,1,0,0,0,2,6,0,0,1,1,1,0,0,0,0,0,0,0,0,0,2,1,0,2,2,0,8,15,0,5,1,13,13,0,0,0,0,0,3,3,0,0,0,0,0,1,0,0,0,0,0,0,0,1,0,0,0,0,2,0,2,0,0
0,0,12,4,7,0,0,2,3,8,4,1,1,5,0,0,0,0,3,5,2,0,0,0,0,0,0,0,0,0,0,0,2,0,0,0,46,3,11,18,1,2,29,1,2,0,3,4,0,0,1,2,6,2,1,0,0,0,0,0,3,0,0,1,5,6,4,3,0,1,0,0,2,5,5,3,5,1,0,0,0,0,0,1,16,13,14,2,5,7,0,0,0,1,1,4,1,1,3,4,7,1,91,0,0,7,0,0,0,0,0,0,0,0,0,0,0,70,0,0,0,1,6,0,1,0,1,2,1,0,0,0,0,0,1,0,0,3,6,2,10,1,0,0,0,7,0,28,2,2,3,0,0,0,1,0,1,1,0,0,0,0,1,1,0,0,0,0,0,0,3,1,0,0,0,0,1,0,0,0,0
2,3,0,1,0,0,0,0,0,0,3,0,0,0,0,0,0,2,0,0,0,0,0,0,0,0,1,0,0,0,0,1,7,7,0,0,1,0,1,0,0,0,1,0,0,0,0,0,0,0,0,0,0,0,0,0,0,0,0,0,0,2,1,4,0,0,0,0,2,0,0,0,0,0,0,0,1,0,0,0,0,1,0,6,0,0,0,0,0,0,0,0,0,0,1,0,0,1,1,2,2,2,0,18,0,3,0,0,1,0,0,0,0,7,6,1,0,0,0,0,0,0,1,0,1,1,0,0,0,0,0,0,0,0,6,0,5,0,0,0,0,0,1,3,0,0,0,1,0,1,0,0,0,0,1,5,0,0,0,0,0,0,0,0,0,0,0,0,2,1,0,0,0,0,0,0,0,0,0,0,0
1,1,1,0,0,0,0,0,0,0,1,1,0,1,0,0,0,1,0,0,1,0,0,1,0,0,0,0,0,0,1,0,12,4,0,0,0,0,2,0,0,0,1,0,0,0,0,0,0,0,0,0,0,0,0,0,0,0,0,0,0,2,0,4,0,0,1,0,3,1,0,0,0,0,0,0,0,1,0,0,0,1,5,4,0,0,1,0,0,0,0,1,0,0,0,0,0,0,1,1,0,1,0,0,18,0,0,0,2,0,0,0,0,9,6,0,0,0,0,0,0,3,0,0,1,0,0,0,1,1,0,0,0,2,1,1,8,0,0,0,0,0,1,3,0,0,0,0,0,0,0,1,0,0,3,4,0,0,0,0,0,0,0,0,0,0,0,0,2,1,0,0,0,0,0,0,0,0,0,0,0
0,0,1,1,2,0,0,0,0,1,1,1,0,1,0,0,0,0,0,0,0,0,0,0,1,0,0,0,0,0,0,0,1,1,1,0,9,1,1,3,0,0,3,0,0,0,0,0,0,0,0,0,0,0,0,0,0,0,0,0,0,0,0,1,1,0,0,0,0,0,0,0,0,0,0,0,1,1,0,0,0,0,1,0,0,2,4,0,0,0,0,0,0,0,0,0,0,1,2,3,4,5,7,3,0,18,0,0,0,0,0,0,0,2,0,0,0,7,1,0,0,1,2,0,0,0,0,0,0,0,0,0,0,0,1,0,0,0,1,1,3,0,1,0,0,2,0,5,2,1,2,0,0,0,1,0,0,1,0,0,0,0,0,0,0,0,0,0,0,0,0,0,0,0,0,0,0,0,0,0,0
0,1,0,0,0,1,2,0,0,0,0,5,1,1,0,0,0,4,0,0,0,0,0,0,7,0,2,2,7,5,3,3,3,1,0,0,0,0,1,0,0,0,0,0,0,0,0,0,4,0,0,0,0,0,0,0,0,10,0,4,0,2,0,0,0,0,0,0,2,1,0,1,0,0,0,0,0,0,4,1,1,0,0,0,0,0,0,0,0,0,0,0,0,3,0,0,0,0,0,0,0,0,0,0,0,0,25,0,0,0,0,0,7,0,0,0,0,0,0,0,1,0,0,0,0,0,0,0,0,11,3,2,1,1,3,0,0,0,0,0,0,0,0,2,0,0,1,0,0,0,0,8,2,5,3,0,0,0,0,4,0,1,0,0,0,1,2,0,0,1,0,0,0,0,0,0,0,0,0,0,0
0,0,0,0,0,3,1,0,0,0,2,0,0,0,1,0,0,0,0,0,0,1,0,7,1,1,0,5,1,5,3,0,0,1,0,0,0,0,0,0,0,0,0,0,0,0,0,0,1,0,0,0,0,0,0,0,0,3,1,3,0,0,0,0,0,0,0,0,1,3,2,2,0,0,0,0,0,0,1,2,0,0,0,0,0,0,0,0,0,0,1,0,0,0,0,0,0,0,0,0,0,0,0,0,0,0,0,15,0,0,0,0,0,0,0,0,0,0,0,2,2,0,0,0,0,0,0,0,0,3,9,0,0,0,0,1,1,0,0,0,0,0,0,0,0,0,0,0,0,0,0,4,4,2,0,0,0,0,0,2,0,0,0,0,0,2,4,0,0,0,0,0,0,0,0,0,0,0,0,0,0
0,1,0,0,1,8,9,0,0,0,3,1,0,1,1,0,0,0,0,0,0,0,0,8,1,0,1,0,3,6,33,0,7,4,0,0,1,0,2,0,0,0,0,0,0,0,0,0,3,0,0,0,0,0,0,1,0,3,3,9,0,0,2,0,0,0,0,0,3,3,7,19,0,0,0,0,0,1,13,9,10,2,4,1,0,0,0,0,0,0,4,0,0,2,0,0,0,0,0,0,0,0,0,1,2,0,0,0,54,0,0,0,0,0,10,0,0,0,0,3,10,1,1,0,4,2,0,0,1,18,9,6,7,0,0,1,1,0,0,0,0,0,1,2,0,0,0,0,0,0,0,3,20,11,1,1,0,0,2,6,0,0,0,0,0,1,1,1,0,0,0,0,1,0,1,0,1,0,0,0,0
0,0,0,0,0,16,15,0,0,0,0,0,0,0,1,0,0,0,0,0,0,0,0,4,3,0,3,0,1,28,45,0,0,0,0,0,0,0,0,0,0,0,0,0,0,0,0,0,2,0,0,0,0,0,0,0,0,1,30,10,0,0,0,0,0,0,0,0,0,1,30,2,0,0,0,0,0,0,38,17,4,0,0,0,0,0,0,0,0,0,8,0,0,6,0,0,0,0,0,0,0,0,0,0,0,0,0,0,0,74,0,0,0,0,0,0,0,0,0,1,23,0,0,0,0,0,0,0,0,20,19,11,23,0,0,0,0,0,0,0,0,0,0,0,0,0,0,0,0,0,0,2,39,18,0,0,0,0,3,9,0,0,0,0,0,6,4,0,0,0,0,0,0,0,0,0,0,0,0,0,0
0,0,0,0,0,4,4,0,0,0,0,0,0,0,0,0,0,0,0,0,0,0,0,0,0,0,2,0,0,4,15,0,0,0,0,0,0,0,0,0,0,0,0,0,0,0,0,0,0,0,0,0,0,0,0,0,0,1,0,5,0,0,0,0,0,0,0,0,0,0,5,7,0,0,0,0,0,0,6,1,11,0,0,0,0,0,0,0,0,0,3,0,0,3,0,0,0,0,0,0,0,0,0,0,0,0,0,0,0,0,19,0,0,0,0,0,0,0,0,0,7,0,0,0,0,0,0,0,0,6,11,1,1,0,0,0,0,0,0,0,0,0,0,0,0,0,0,0,0,0,0,0,5,9,0,0,0,0,0,3,0,0,0,0,0,0,0,0,0,0,0,0,0,0,0,0,0,0,0,0,0
2,0,0,0,1,0,0,1,0,1,2,2,2,0,0,1,0,0,0,0,0,0,0,0,0,0,0,0,0,0,0,3,1,1,1,1,0,0,2,0,0,0,1,0,0,0,0,0,0,3,2,0,0,0,0,0,1,0,0,0,0,0,1,0,1,0,0,0,0,2,0,0,1,0,0,0,0,2,0,0,0,0,0,0,0,0,0,0,0,0,0,0,0,0,0,0,0,0,0,0,0,0,0,0,0,0,0,0,0,0,0,10,0,0,0,0,4,0,0,0,0,0,0,0,0,0,0,0,0,0,0,0,0,2,1,1,0,0,0,0,0,0,0,2,1,0,0,0,0,0,0,0,0,0,0,1,0,0,0,0,1,2,1,0,0,0,0,2,1,0,0,0,0,0,1,0,0,0,0,0,0
2,0,0,0,0,0,1,3,0,0,9,6,3,4,0,1,0,9,0,1,1,2,0,1,1,0,0,0,0,0,0,8,11,5,1,0,1,0,2,0,0,0,1,0,0,0,0,0,1,0,0,0,0,1,0,0,1,0,0,0,0,4,0,0,0,0,0,0,5,0,0,0,0,0,0,3,0,4,1,0,0,4,1,0,0,1,0,0,0,0,0,0,0,0,2,0,0,0,0,0,0,0,0,0,0,0,7,0,0,0,0,0,28,0,0,0,0,0,0,1,0,4,0,0,0,0,0,0,1,0,1,0,0,5,4,3,3,0,0,0,2,0,0,6,0,0,1,0,0,0,0,1,0,1,4,1,0,0,1,0,0,0,0,0,0,0,0,0,1,1,0,0,1,0,0,0,0,0,0,0,0
4,8,0,1,1,0,0,3,0,2,9,5,3,4,0,0,0,4,0,0,2,6,0,0,0,0,2,0,0,1,0,1,32,34,0,1,12,0,6,3,0,0,8,1,1,1,0,0,1,4,0,0,0,2,0,3,0,0,0,0,0,7,8,20,1,1,1,2,11,0,0,0,0,1,1,2,3,2,1,0,0,6,25,22,1,6,1,0,0,1,0,6,0,2,11,0,0,0,0,0,1,1,0,7,9,2,0,0,0,0,0,0,0,88,0,0,0,0,26,1,0,9,1,0,5,0,0,2,3,0,0,1,0,17,12,9,18,1,1,2,4,2,12,24,0,1,0,1,2,2,1,0,0,0,8,17,0,1,0,0,1,1,0,0,0,0,0,0,2,4,0,0,0,0,0,0,1,0,0,0,0
6,4,0,0,1,0,0,0,0,0,10,4,0,0,0,0,0,5,0,0,0,1,0,0,0,0,1,0,0,0,0,0,32,14,0,0,1,0,2,0,0,0,0,0,0,0,0,0,0,3,2,0,0,0,0,1,0,1,0,0,0,7,6,6,0,0,1,0,8,0,0,1,0,0,0,0,1,0,2,0,0,14,5,6,0,1,1,0,0,0,0,4,0,2,3,0,0,0,0,0,0,0,0,6,6,0,0,0,10,0,0,0,0,0,47,0,0,0,0,0,0,14,0,0,5,2,0,0,3,0,0,0,0,1,7,3,18,0,1,0,0,0,3,6,0,0,0,0,1,0,0,0,2,0,12,9,0,0,0,0,1,0,0,0,0,0,0,2,6,2,0,0,0,0,0,0,1,0,0,0,0
0,0,5,1,4,0,0,0,0,3,3,0,4,3,0,0,1,2,0,2,0,0,1,1,1,0,1,0,0,0,0,0,0,0,3,0,5,2,2,4,0,0,7,1,1,0,0,0,0,0,0,0,3,0,1,1,1,0,0,0,0,0,1,0,0,2,2,1,0,0,0,0,1,0,3,0,1,0,0,0,0,0,0,0,0,1,0,0,0,2,0,0,0,0,0,1,0,0,0,0,0,0,0,1,0,1,0,0,0,0,0,0,0,0,0,19,0,0,0,0,0,0,1,0,0,0,0,0,0,0,0,0,0,0,0,0,0,0,4,1,1,1,0,0,0,1,3,0,0,0,0,0,0,0,0,0,0,0,0,0,0,0,0,0,0,0,0,0,0,0,0,0,0,0,0,0,0,0,0,0,0
2,0,0,1,1,0,1,4,0,1,1,0,5,0,0,0,0,1,1,1,0,0,0,0,0,0,1,0,0,0,0,1,1,0,5,0,2,0,2,0,0,0,3,0,0,0,1,0,0,1,1,1,0,0,0,0,0,0,0,0,0,0,0,0,1,0,0,0,0,0,0,0,0,1,0,0,0,0,0,0,0,0,0,0,1,0,0,0,0,1,0,0,1,0,0,0,0,0,0,0,0,0,0,0,0,0,0,0,0,0,0,4,0,1,0,0,11,0,0,0,0,0,0,0,1,0,0,3,0,0,0,0,0,0,1,0,0,0,2,0,0,0,0,3,0,0,1,0,0,0,0,0,0,0,0,1,0,0,0,0,1,0,0,0,0,0,0,1,0,0,0,1,0,0,1,0,0,0,0,0,0
1,3,15,6,6,0,1,4,1,9,3,1,4,8,0,0,1,0,3,6,1,0,2,0,0,0,1,0,0,0,0,0,2,0,0,1,61,4,15,18,1,1,41,1,2,0,2,4,0,0,1,2,8,3,2,1,2,0,0,0,3,1,0,1,3,6,8,3,0,1,0,0,3,5,6,9,6,2,0,0,0,1,0,1,19,24,16,0,5,9,0,0,1,1,1,5,0,0,1,0,7,0,80,0,0,7,0,0,0,0,0,0,0,0,0,0,0,104,0,0,0,1,9,0,1,0,2,2,1,0,0,0,0,0,1,0,0,3,9,8,12,2,2,1,0,8,0,32,6,0,4,0,0,0,1,0,0,1,0,0,0,0,1,1,0,0,0,0,1,0,3,1,0,0,0,0,2,0,0,1,0
2,1,1,0,1,0,0,3,2,1,2,1,2,5,0,0,1,1,1,0,0,1,1,0,0,0,1,0,0,0,0,0,8,1,1,1,20,0,3,5,0,0,13,1,2,0,0,0,0,0,1,0,1,2,1,2,0,0,0,0,1,0,2,1,1,2,1,3,2,0,1,0,0,3,2,3,4,1,0,0,0,1,4,2,3,5,1,0,0,1,0,1,0,0,1,0,0,0,0,0,1,1,0,0,0,1,0,0,0,0,0,0,0,26,0,0,0,0,41,0,0,1,1,0,5,0,1,2,1,0,0,0,0,1,1,1,4,2,3,4,5,3,4,1,0,2,1,3,2,2,1,0,0,0,0,1,0,1,0,0,0,0,0,0,0,0,0,0,0,0,2,2,0,0,0,0,1,0,0,0,0
0,0,1,0,0,1,1,0,0,0,3,0,0,0,0,0,0,0,1,0,0,0,0,1,0,0,0,0,0,2,4,2,0,1,0,0,0,0,0,1,0,0,0,1,0,0,0,0,0,0,0,0,0,1,0,0,0,0,1,2,0,0,0,0,0,0,0,0,0,0,3,0,0,0,0,0,0,0,1,3,0,0,0,1,0,0,0,0,0,0,1,0,0,0,0,0,0,0,0,0,0,0,1,0,0,0,0,2,3,1,0,0,1,1,0,0,0,0,0,9,0,0,0,0,0,0,0,0,0,0,4,1,1,2,1,0,0,0,0,0,1,0,1,1,0,0,0,0,0,0,0,0,3,1,0,0,0,0,0,0,0,1,0,0,0,0,0,0,0,0,0,0,0,0,0,0,0,0,0,0,0
0,0,0,0,0,7,5,0,0,0,0,0,0,0,0,0,0,0,0,0,0,0,0,2,0,0,3,0,2,9,32,0,0,0,0,0,0,0,0,0,0,0,0,0,0,0,0,0,0,0,0,0,0,0,0,0,0,1,11,0,0,0,0,0,0,0,0,0,0,2,14,15,0,0,0,0,0,0,31,0,5,0,0,0,0,0,0,0,0,0,3,0,0,1,0,0,0,0,0,0,0,0,0,0,0,0,1,2,10,23,7,0,0,0,0,0,0,0,0,0,43,0,0,0,0,0,0,0,0,13,12,6,11,0,0,0,0,0,0,0,0,0,0,0,0,0,0,0,0,0,0,1,18,9,0,0,0,0,0,1,0,0,0,0,0,0,1,0,0,0,0,0,0,0,0,0,0,0,0,0,0
3,2,0,0,1,0,0,1,0,0,7,8,0,2,0,3,0,5,0,0,0,1,0,0,0,0,2,0,0,0,0,2,18,14,0,0,0,0,0,0,0,0,0,0,0,0,0,0,0,1,0,0,0,0,0,0,0,0,0,0,0,5,2,6,0,0,1,0,4,1,0,0,0,0,0,0,1,2,0,0,0,13,6,5,0,0,0,0,0,0,0,0,0,0,3,0,0,0,0,0,0,0,1,0,3,1,0,0,1,0,0,0,4,9,14,0,0,1,1,0,0,34,0,0,2,3,0,0,1,0,0,0,0,6,2,5,8,0,1,0,0,0,1,6,0,0,0,0,0,0,0,1,0,0,2,7,0,0,0,0,0,0,0,0,0,0,0,0,0,0,0,0,0,0,0,0,0,0,0,0,0
0,2,0,0,0,0,1,2,0,0,0,0,0,1,0,0,0,0,0,1,1,0,0,0,0,0,0,0,0,0,0,0,2,0,0,0,12,0,1,3,0,0,8,0,0,0,0,0,0,0,0,0,0,0,0,2,0,0,0,0,0,0,0,0,1,0,0,0,0,0,0,0,0,0,0,1,1,1,0,0,0,0,0,0,4,7,0,1,0,2,0,0,0,0,0,0,0,0,1,0,3,3,7,1,0,2,0,0,1,0,0,0,0,2,0,1,0,10,2,0,0,0,15,0,0,1,1,0,0,0,0,0,0,0,0,0,0,0,0,6,1,0,0,0,0,1,0,3,0,1,0,0,0,0,0,0,0,1,0,0,0,0,0,0,0,0,0,0,0,0,0,0,0,0,0,0,0,0,0,0,0
0,0,0,2,0,0,0,0,3,1,0,0,0,0,0,0,0,0,0,1,0,0,0,0,0,0,0,0,0,0,0,0,0,0,0,0,0,0,0,7,2,1,6,0,2,0,1,3,0,0,0,2,2,0,0,0,0,0,0,0,0,0,0,0,2,2,0,2,0,0,0,0,1,0,4,0,0,0,0,0,0,0,0,0,0,0,0,1,0,1,0,0,0,0,0,0,0,0,3,5,3,8,0,0,0,0,0,0,0,0,0,0,0,0,0,0,0,0,0,0,0,0,0,13,0,0,0,0,0,0,0,0,0,0,0,0,0,0,0,0,0,0,0,0,0,2,0,0,0,2,1,0,0,0,0,0,1,0,0,0,0,0,0,0,0,0,0,0,0,0,0,0,0,0,0,0,0,0,0,0,0
0,0,0,0,1,0,0,0,0,0,6,2,0,0,0,1,0,1,0,0,0,0,0,0,0,0,1,0,0,0,2,1,6,4,1,1,1,1,0,0,0,0,0,0,0,0,0,0,0,0,0,0,0,0,0,0,0,0,0,0,0,0,2,2,0,0,1,0,2,0,0,2,0,0,0,0,0,0,1,0,0,1,5,2,0,0,1,0,0,0,0,0,1,1,0,0,0,0,0,0,0,0,1,1,1,0,0,0,4,0,0,0,0,5,5,0,1,1,5,0,0,2,0,0,17,0,0,0,1,0,0,0,1,0,0,0,6,0,0,1,2,0,2,1,0,0,0,0,0,0,0,0,1,0,1,3,0,0,0,0,1,0,0,0,0,0,0,0,0,0,0,0,1,0,0,0,0,0,0,0,0
1,1,0,0,0,0,0,1,0,0,3,4,0,2,0,4,0,3,0,0,0,0,0,1,0,0,0,0,0,0,0,3,4,1,1,0,0,0,0,0,0,0,0,0,0,0,0,0,0,0,2,0,0,1,0,0,0,1,0,0,0,0,0,0,0,0,0,0,1,0,0,0,0,0,0,0,0,1,0,0,0,2,0,0,0,0,0,0,0,0,0,0,0,0,1,0,0,0,0,0,0,0,0,1,0,0,0,0,2,0,0,0,0,0,2,0,0,0,0,0,0,3,1,0,0,9,0,0,0,0,0,0,0,2,0,1,0,0,0,0,0,0,0,0,0,0,0,0,0,0,0,1,0,0,0,0,0,0,0,0,0,0,0,0,0,0,0,0,0,0,0,0,0,0,2,0,0,0,0,0,0
0,2,1,0,0,0,0,0,0,0,0,0,0,1,0,0,0,1,0,1,0,0,0,0,0,0,0,0,0,0,0,0,0,0,0,1,2,0,1,1,0,0,2,0,0,0,0,1,0,0,0,0,0,0,0,0,0,0,0,0,0,0,0,0,0,0,0,0,0,0,1,0,1,1,0,0,1,0,0,0,0,0,0,0,0,0,0,0,1,0,0,0,0,0,0,0,0,0,0,0,1,1,1,0,0,0,0,0,0,0,0,0,0,0,0,0,0,2,1,0,0,0,1,0,0,0,5,0,0,0,0,0,0,0,0,0,0,0,1,0,1,0,0,0,0,0,0,0,0,0,0,0,0,0,0,0,0,0,0,0,0,0,1,0,0,0,0,0,1,0,1,1,0,0,0,0,0,0,0,0,0
2,0,1,0,0,0,0,2,0,1,2,0,3,2,0,1,1,0,0,1,0,0,0,0,0,0,0,0,0,0,0,1,1,1,2,0,6,0,1,1,0,0,4,0,0,0,0,0,0,0,0,0,0,0,0,0,0,1,0,0,0,0,0,0,1,0,0,0,2,1,1,0,0,0,0,1,0,0,0,0,0,1,0,0,0,2,0,0,0,0,0,0,0,0,0,0,0,0,0,0,1,1,2,0,0,0,0,0,1,0,0,0,0,2,1,0,3,2,2,0,0,0,0,0,1,0,0,13,0,0,0,0,0,1,2,0,0,0,4,0,1,1,1,1,0,0,0,2,0,0,0,0,0,0,0,0,0,0,0,0,0,0,0,0,0,0,0,0,0,0,0,0,0,0,0,0,0,0,0,0,0
0,1,2,0,0,0,0,0,0,1,2,0,2,3,0,0,3,0,0,0,1,0,1,0,0,0,0,0,0,0,0,1,5,1,1,1,3,1,1,1,0,0,4,1,0,0,0,0,0,2,2,0,2,2,3,1,2,0,0,0,0,0,0,0,1,0,0,1,2,0,0,0,0,0,0,0,0,0,0,0,0,2,1,1,0,1,3,0,0,2,0,1,0,0,0,0,0,0,0,0,1,1,1,0,1,0,0,0,1,0,0,0,1,3,3,1,0,3,1,0,0,1,0,0,1,0,0,0,11,0,0,0,0,0,0,0,0,0,0,1,0,1,3,1,0,0,0,1,0,0,1,1,0,0,1,1,0,0,0,0,2,0,0,0,0,0,0,0,0,0,0,0,0,0,0,0,0,0,0,0,0
0,0,0,0,0,8,8,0,0,0,0,0,0,0,1,0,0,0,0,0,0,1,0,7,11,0,5,0,8,17,34,0,0,0,0,0,0,0,0,0,0,0,0,0,0,0,0,0,7,0,0,0,0,0,0,0,0,7,8,11,0,0,0,0,0,0,0,0,0,6,17,9,0,0,0,0,0,0,22,8,13,0,0,0,0,0,0,0,0,0,6,0,0,10,0,0,0,0,0,0,0,0,0,0,1,0,11,3,18,20,6,0,0,0,0,0,0,0,0,0,13,0,0,0,0,0,0,0,0,59,0,0,0,0,0,1,0,0,0,0,0,0,0,0,0,0,0,0,0,0,0,11,10,22,0,0,0,0,1,8,0,0,0,0,0,1,0,0,0,0,0,0,0,0,0,0,0,0,0,0,0
0,0,0,0,0,14,13,1,0,0,0,1,0,0,3,0,0,0,0,0,0,0,0,6,0,1,1,5,4,14,31,0,0,0,1,0,0,0,0,0,0,0,0,0,0,0,0,0,0,0,0,0,0,0,0,0,0,9,9,7,0,0,0,0,0,0,0,0,0,2,12,14,0,0,0,0,0,0,16,8,7,0,0,0,0,0,0,0,0,0,6,0,0,4,0,0,0,0,0,0,0,0,0,0,0,0,3,9,9,19,11,0,1,0,0,0,0,0,0,4,12,0,0,0,0,0,0,0,0,0,55,0,0,0,0,0,0,0,0,0,1,0,0,0,0,0,0,0,0,0,0,6,11,25,0,0,0,0,1,17,0,0,0,0,0,2,8,0,0,0,0,0,0,0,0,0,0,0,0,0,0
0,0,0,0,0,6,0,0,0,0,0,0,0,0,1,0,0,0,0,0,0,0,0,5,0,0,2,1,0,4,15,0,0,0,0,0,0,0,1,0,0,0,0,0,0,1,0,0,4,0,0,0,0,0,0,1,0,1,2,6,0,1,0,0,0,0,0,0,0,0,7,3,0,0,0,0,0,0,11,4,2,0,0,0,0,0,0,0,0,0,1,0,0,0,0,0,0,0,0,0,0,0,0,0,0,0,2,0,6,11,1,0,0,1,0,0,0,0,0,1,6,0,0,0,0,0,0,0,0,0,0,21,0,0,0,0,0,0,0,0,0,0,1,0,0,0,0,0,0,0,0,0,15,0,0,0,0,0,0,1,0,1,0,0,0,0,0,0,0,0,0,0,0,0,0,0,0,0,0,0,0
0,0,0,0,0,4,9,0,0,0,0,0,0,0,1,0,0,0,0,0,0,0,0,1,1,0,0,1,2,14,15,0,0,0,0,0,0,0,0,0,0,0,0,0,0,0,0,0,0,0,0,0,0,0,0,0,0,2,15,6,0,0,0,0,0,0,0,0,0,0,5,4,0,0,0,0,0,0,11,10,3,0,1,0,0,0,0,0,0,0,3,0,0,0,0,0,0,0,0,0,0,0,0,0,0,0,1,0,7,23,1,0,0,0,0,0,0,0,0,1,11,0,0,0,1,0,0,0,0,0,0,0,32,0,0,0,0,0,0,0,0,0,0,0,0,0,0,0,0,0,0,0,28,0,0,0,0,0,2,0,0,0,0,0,0,7,2,0,0,0,0,0,0,0,0,0,0,0,0,0,0
1,7,0,0,0,0,0,0,0,0,10,6,4,0,0,2,1,2,0,0,1,5,0,2,0,0,1,0,0,0,0,5,14,15,0,1,0,0,4,0,0,0,0,0,0,0,0,0,0,9,0,0,0,2,0,2,1,0,0,0,0,0,2,3,0,0,0,0,9,2,0,0,0,0,0,1,0,0,0,0,0,9,7,6,0,2,1,0,0,0,0,1,0,0,5,0,0,0,0,0,0,0,0,0,3,0,1,0,0,0,0,2,5,18,3,0,0,0,1,2,0,6,0,0,0,2,0,1,0,0,0,0,0,33,0,0,0,0,0,1,0,0,2,7,0,0,0,0,0,0,0,0,0,1,0,4,0,0,0,0,0,3,0,0,0,0,0,0,1,0,0,0,0,0,0,0,0,0,0,0,0
3,3,0,0,1,0,0,0,0,0,5,5,2,0,0,1,0,6,0,0,0,1,0,0,0,0,0,0,0,0,0,7,10,11,0,0,0,0,1,0,0,0,0,0,0,0,0,0,0,0,0,0,0,1,0,0,0,1,0,0,0,0,1,8,0,0,0,0,6,1,1,0,0,0,0,0,0,0,0,0,0,0,4,5,0,0,0,0,0,0,0,3,0,0,2,0,0,0,0,0,0,0,1,6,1,1,4,0,0,0,0,1,5,12,7,0,1,1,1,1,0,2,0,0,0,0,0,2,0,0,0,0,0,0,28,0,0,0,0,0,2,0,2,6,0,0,0,0,1,0,0,0,0,0,5,10,0,0,0,0,0,0,0,0,0,0,0,0,3,5,0,0,0,0,0,0,0,0,0,0,0
2,0,0,0,0,0,0,0,0,0,2,4,0,2,4,4,0,1,0,0,0,5,0,1,0,0,0,0,0,2,0,0,12,8,0,0,0,0,1,0,0,0,0,0,0,0,0,0,1,2,1,0,0,2,0,0,0,1,0,0,0,2,3,4,0,0,0,0,0,0,0,0,0,0,0,0,0,4,1,0,0,6,4,5,0,1,0,0,0,0,0,2,0,2,3,0,0,0,0,0,0,0,0,0,1,0,0,1,1,0,0,1,3,9,4,0,0,0,1,0,0,7,0,0,0,2,0,0,0,1,0,0,0,0,0,19,0,0,0,0,0,0,0,10,0,0,0,0,0,0,0,0,0,0,1,0,0,0,0,0,0,0,0,0,0,1,0,0,0,0,0,0,0,0,0,0,0,0,0,0,0
6,0,0,0,0,0,0,0,0,0,7,5,0,0,1,1,0,4,0,0,0,1,0,0,1,0,0,0,0,1,0,0,32,13,0,0,0,0,0,0,0,0,0,0,0,0,0,0,0,0,0,0,0,0,0,0,0,1,0,1,0,13,5,10,0,0,0,0,0,0,0,1,0,0,0,0,1,2,1,0,0,7,15,7,0,0,0,0,0,0,0,1,0,0,3,0,0,0,0,0,0,0,0,5,8,0,0,1,2,0,0,0,3,18,20,0,0,0,4,0,0,10,0,0,6,1,0,0,0,0,0,0,0,0,0,0,44,0,0,0,0,0,3,9,0,0,0,0,2,0,0,0,0,0,11,13,0,0,0,0,0,1,0,0,0,0,0,2,5,2,0,0,1,0,0,0,0,0,0,0,0
1,0,2,0,0,0,0,1,0,1,2,0,1,1,0,0,0,0,2,2,0,0,0,0,0,0,0,0,0,0,0,0,0,0,0,0,6,0,2,0,0,0,6,0,0,0,0,0,0,0,1,0,1,0,0,0,0,0,0,0,0,0,0,0,0,1,0,0,0,0,0,0,0,0,1,1,0,0,0,0,0,0,0,0,2,2,2,0,0,1,0,0,0,0,0,0,0,0,0,0,1,0,4,1,0,0,0,0,0,0,0,0,0,1,0,2,2,4,2,0,0,0,0,0,0,0,0,1,0,0,0,0,0,0,0,0,0,6,0,0,0,0,0,0,0,1,0,1,1,0,0,0,0,0,0,0,0,0,0,0,0,0,0,0,0,0,0,0,0,0,0,0,0,0,0,0,0,0,0,0,0
1,2,0,3,1,0,0,6,0,2,0,0,5,5,0,0,3,0,0,0,0,0,0,0,0,0,1,0,0,0,0,0,0,1,4,1,15,2,3,0,0,0,11,0,0,0,0,1,0,0,0,0,1,0,0,0,0,0,0,0,0,0,1,0,1,1,3,0,0,0,0,0,0,0,3,5,1,1,0,0,0,0,0,0,1,3,0,0,0,1,0,0,1,0,0,0,0,0,0,0,3,2,6,0,0,1,0,0,0,0,0,0,0,2,1,4,2,11,4,0,0,1,0,0,0,0,1,4,0,0,0,0,0,0,0,0,0,0,23,0,0,0,0,0,0,0,0,6,1,0,0,0,0,0,1,1,0,0,0,0,0,0,1,0,0,0,0,0,1,0,1,0,0,0,0,0,0,0,0,0,0
0,0,1,0,1,0,1,1,1,0,3,1,1,0,0,0,1,0,0,0,0,0,1,0,0,0,1,0,0,0,0,1,0,0,0,1,10,0,3,3,0,0,5,0,1,0,1,0,1,0,0,0,2,2,2,4,0,0,0,0,2,0,0,0,0,0,0,0,0,0,1,0,0,1,0,2,1,0,1,0,0,0,0,0,5,6,1,0,0,1,0,0,0,0,0,0,0,0,0,0,1,1,4,0,0,1,0,0,0,0,0,0,1,2,0,1,0,11,4,0,0,0,6,0,1,0,0,0,1,0,0,0,0,1,0,0,0,0,0,18,0,1,0,0,0,2,1,4,1,0,0,0,0,0,0,0,0,0,0,0,0,0,0,0,1,0,0,0,0,0,0,0,0,0,0,0,0,0,1,0,0
0,0,0,0,4,1,1,5,0,0,4,2,6,0,0,0,2,2,0,1,0,0,0,0,0,0,0,0,0,0,0,2,1,0,3,1,14,2,1,4,0,0,8,0,1,0,0,0,0,0,0,0,0,2,0,0,0,2,0,0,0,0,0,0,0,1,2,1,1,1,1,0,1,1,2,3,4,0,0,0,0,0,0,0,3,4,0,0,0,0,0,0,0,0,0,0,0,0,0,0,0,0,11,0,0,3,0,0,0,0,0,0,2,4,0,1,0,14,6,1,0,1,3,0,2,0,1,1,0,0,1,0,0,0,2,0,0,0,0,0,25,0,2,0,0,0,1,6,1,0,0,0,0,0,0,0,0,0,1,0,0,0,1,0,0,0,0,0,0,0,2,1,1,0,0,0,1,0,0,1,0
0,0,2,3,0,0,0,1,1,2,0,0,0,0,0,0,0,0,3,0,0,0,0,0,0,0,1,0,0,0,0,0,0,0,0,0,3,0,0,10,0,0,10,1,4,0,0,0,0,0,0,0,6,0,0,2,1,0,0,0,0,0,0,0,0,4,0,8,2,0,0,0,0,4,3,0,0,0,0,0,0,0,0,0,1,1,0,3,2,2,0,0,0,1,0,0,0,0,1,2,3,6,2,0,1,0,0,0,0,0,0,0,0,2,0,2,0,2,4,0,0,0,1,1,0,0,0,1,1,0,0,0,0,0,0,0,0,0,0,2,0,19,2,0,2,4,0,1,0,1,1,0,0,0,0,0,0,1,0,0,0,0,0,0,0,0,0,0,0,0,0,0,0,0,0,0,0,0,1,0,0
1,2,0,0,0,0,0,1,0,0,2,0,1,0,0,0,0,0,0,0,1,0,0,1,0,0,0,0,0,0,0,1,8,6,0,0,3,0,3,0,0,0,4,0,0,1,0,0,1,1,1,0,0,0,0,3,0,0,0,0,0,1,2,0,0,0,1,0,3,0,0,0,1,0,0,0,0,1,0,0,0,0,7,3,0,2,2,0,0,0,0,1,0,2,4,0,0,0,1,1,1,2,0,1,1,1,0,0,1,0,0,0,1,13,3,0,0,2,4,1,0,1,0,0,2,0,0,1,3,0,0,1,0,3,2,1,3,0,0,0,2,2,23,0,0,1,0,0,2,0,1,0,0,0,2,2,0,1,0,0,1,1,0,0,0,0,0,0,1,0,0,1,0,0,0,0,0,0,0,0,0
6,1,0,0,1,0,2,0,0,0,8,1,2,5,0,1,0,6,0,0,0,5,0,1,1,0,3,0,0,1,0,0,27,18,2,0,1,0,6,0,0,0,0,0,0,0,0,0,0,2,0,0,0,1,0,2,1,0,0,0,0,7,4,8,0,0,1,0,11,0,0,0,0,0,0,0,0,4,1,0,0,13,10,8,0,3,0,0,0,0,0,1,1,3,0,0,0,0,0,0,0,0,0,4,4,0,3,0,2,0,0,2,9,25,8,0,3,1,1,1,0,8,0,0,1,0,0,1,1,0,0,0,0,13,6,10,10,0,0,0,0,0,0,43,0,0,1,0,0,0,0,0,1,0,5,3,0,0,0,0,0,0,0,0,0,0,0,0,1,1,0,0,1,0,0,0,1,0,0,0,0
0,0,2,1,0,0,0,0,2,6,0,0,0,0,0,0,0,0,0,0,0,0,0,0,0,0,0,0,0,0,0,0,1,0,0,0,0,0,0,20,0,6,6,1,1,0,1,3,0,0,0,1,5,0,0,0,0,0,0,0,3,0,0,0,2,2,0,4,0,0,0,0,4,2,6,0,0,0,0,0,0,0,0,0,0,0,0,4,0,2,0,0,0,0,0,0,0,1,4,14,7,12,2,0,0,0,0,0,0,0,0,1,0,0,0,0,0,2,0,0,0,0,0,0,0,0,0,0,0,0,0,0,0,0,0,0,0,0,0,0,0,5,0,0,21,1,0,0,0,4,2,0,0,0,0,0,0,1,0,0,0,0,0,0,1,0,0,0,0,0,0,0,0,0,0,0,0,0,1,0,0
0,0,2,2,0,0,0,0,0,2,1,0,2,0,0,0,0,0,0,0,0,0,0,0,0,0,0,0,0,0,0,0,0,0,0,0,3,1,2,26,1,2,8,2,3,0,2,7,0,0,0,2,8,2,0,2,0,0,0,0,2,0,0,1,1,3,0,3,0,0,0,0,1,4,5,0,0,0,0,0,0,0,0,0,0,1,2,7,6,3,0,0,0,0,0,0,0,3,7,18,12,17,7,0,0,2,0,0,0,0,0,0,0,1,0,1,0,8,2,0,0,0,1,4,0,0,0,0,0,0,0,0,0,0,0,0,0,1,0,3,0,4,1,0,1,45,0,2,0,11,6,0,0,0,0,0,3,0,0,0,0,0,0,0,0,0,0,0,0,0,0,0,0,0,0,0,0,0,0,0,0
0,0,0,0,1,0,2,2,0,0,0,1,4,2,0,0,0,0,0,0,0,0,0,0,0,0,1,0,0,0,0,0,0,0,3,0,5,0,0,4,0,1,4,1,1,0,0,0,0,0,0,0,5,0,0,0,0,0,0,0,0,0,0,0,0,2,2,0,0,0,0,0,0,1,1,0,1,0,0,0,0,0,0,0,1,2,0,1,0,0,0,0,0,0,0,0,0,0,0,0,0,0,0,0,0,0,1,0,0,0,0,0,2,3,0,4,2,2,4,0,0,0,0,0,0,0,0,0,0,0,1,0,0,0,0,0,0,0,0,2,4,1,0,2,0,2,7,0,0,0,0,0,0,0,0,0,0,0,0,0,0,0,0,0,0,0,0,0,0,0,0,1,0,0,0,0,0,0,0,0,0
2,0,4,3,4,0,1,1,0,3,1,1,1,5,0,0,0,0,0,1,0,0,0,0,0,0,1,0,0,0,0,0,0,0,0,0,46,1,11,8,0,0,26,0,2,0,0,0,0,0,0,0,3,6,0,2,1,0,0,0,0,0,0,1,0,5,0,0,2,0,0,0,0,0,4,3,4,0,0,0,0,1,0,0,9,16,16,0,2,7,0,0,0,2,1,3,0,1,1,3,9,10,45,1,0,9,0,0,0,0,0,0,0,3,0,2,0,53,8,0,0,0,6,0,1,0,0,3,3,0,0,0,0,0,0,0,0,3,8,7,9,5,2,1,0,11,0,43,0,0,7,0,0,0,0,0,0,2,0,0,0,0,0,0,0,0,0,0,0,0,4,2,0,0,0,0,1,0,1,0,0
0,2,1,0,0,0,0,1,0,0,2,0,1,1,0,0,0,0,0,1,0,0,0,0,0,0,0,0,0,0,0,0,2,1,0,0,17,0,3,2,0,0,12,1,1,0,0,0,0,0,1,0,0,1,0,1,0,0,0,0,0,1,0,1,2,0,3,2,1,0,0,0,1,1,0,4,1,2,0,0,0,0,1,1,5,4,4,0,1,3,0,1,2,0,0,1,0,0,0,0,3,4,5,0,0,4,0,0,0,0,0,0,0,6,1,0,0,14,6,0,0,0,2,0,0,0,0,2,0,0,0,0,0,0,1,0,2,1,4,3,3,1,4,0,0,0,0,0,12,0,0,0,0,0,4,0,0,0,0,0,0,0,0,0,0,0,0,0,0,0,0,0,0,0,0,0,1,0,0,0,0
0,0,4,3,0,0,0,0,2,3,0,1,0,0,0,0,0,0,1,0,0,0,0,0,0,0,0,0,0,0,0,0,1,0,0,0,1,1,1,16,2,1,15,3,0,0,2,1,0,0,0,0,2,0,0,0,0,0,0,0,0,0,1,0,5,1,0,0,0,0,0,0,2,2,3,1,0,0,0,0,0,0,0,0,0,0,0,3,2,4,0,0,0,0,0,0,0,8,17,26,17,20,4,1,0,1,0,0,0,0,0,0,0,2,0,0,0,0,2,0,0,0,1,3,0,0,0,0,0,0,0,0,0,0,0,0,0,0,0,0,0,1,0,0,7,18,0,0,0,37,2,0,0,0,1,0,4,3,0,0,0,0,0,0,0,0,0,0,0,0,0,0,0,0,0,0,1,0,0,0,0
0,0,3,3,0,0,0,0,2,3,1,0,0,2,0,0,0,0,0,0,0,0,0,0,0,0,1,0,0,0,0,0,0,0,0,0,15,3,3,16,0,1,19,0,1,1,0,0,0,0,0,0,0,1,0,1,0,0,0,0,2,0,0,0,1,2,0,3,0,0,0,0,1,0,5,1,0,0,0,0,0,0,0,0,6,4,4,3,2,2,0,0,0,0,0,0,0,7,13,21,14,21,15,1,0,3,0,0,0,0,0,0,0,2,0,0,0,17,2,0,0,0,2,1,0,0,0,0,1,0,0,0,0,0,0,0,0,1,4,2,1,1,2,0,5,10,0,23,0,4,34,0,0,0,0,0,5,1,0,0,0,0,0,0,0,0,0,0,0,0,1,1,0,0,0,0,1,0,0,0,0
0,0,0,0,0,1,1,0,0,0,2,0,0,1,0,1,0,0,0,0,0,0,0,7,7,0,0,4,7,3,5,2,0,0,0,0,0,0,0,0,0,0,0,0,0,0,0,0,2,0,0,0,0,0,0,0,0,11,0,3,0,0,0,0,0,0,0,0,0,6,0,0,0,0,0,0,0,0,6,1,0,0,0,0,0,0,0,0,0,0,0,0,0,1,0,0,0,0,0,0,0,0,0,0,1,0,9,4,3,3,0,0,1,0,0,0,0,0,0,0,1,1,0,0,0,1,0,0,1,13,6,0,0,0,0,0,0,0,0,0,0,0,0,0,0,0,0,0,0,0,0,19,0,0,0,0,0,0,0,3,0,0,0,0,0,0,6,0,0,0,0,0,0,0,0,0,0,0,0,0,0
0,0,0,0,0,22,20,0,0,0,3,0,0,0,3,0,0,0,0,0,0,0,0,11,3,1,7,2,3,26,61,0,1,2,0,0,1,0,1,0,0,0,0,0,0,0,0,0,3,0,0,0,0,0,0,0,0,3,25,20,0,0,2,0,0,0,0,0,1,2,26,16,0,0,0,0,0,0,33,24,13,0,4,1,0,0,0,0,0,0,5,0,0,6,0,0,0,0,0,0,0,0,0,0,1,0,2,8,27,51,7,0,0,1,3,0,0,0,0,4,27,0,0,0,3,0,0,0,0,18,17,19,32,0,0,1,1,0,0,0,0,0,0,2,0,0,0,0,0,0,0,0,70,0,0,0,0,0,3,7,0,0,0,0,0,8,4,0,0,0,0,0,1,0,0,0,1,0,0,0,0
0,0,0,0,0,10,10,0,0,0,0,0,1,0,2,0,0,0,0,0,0,0,0,1,2,0,0,0,2,21,33,0,0,1,0,0,0,0,0,0,0,0,0,0,0,0,0,0,3,0,0,0,0,0,0,0,0,4,9,8,0,0,0,0,0,0,0,0,0,0,18,16,0,0,0,1,0,0,24,5,13,1,0,0,0,0,0,0,0,0,11,0,0,6,0,0,0,0,0,0,0,0,0,0,0,0,5,2,15,20,12,0,1,0,0,0,0,0,0,2,15,0,0,0,0,0,0,0,0,26,30,0,0,1,0,0,0,0,0,0,0,0,0,0,0,0,0,0,0,0,0,0,0,48,0,0,0,0,2,16,0,0,0,0,0,1,1,0,0,0,0,0,0,0,0,0,0,0,0,0,0
5,2,0,0,0,0,1,0,0,0,6,5,0,5,0,0,0,5,0,0,1,2,0,0,0,0,2,0,0,0,0,3,22,21,1,0,2,0,2,0,0,0,1,0,0,0,0,0,0,0,2,0,0,1,0,0,0,0,0,0,0,3,6,13,0,0,1,0,5,0,0,0,0,0,0,0,2,2,1,0,0,6,9,15,0,3,0,0,0,1,0,3,0,1,5,0,0,0,1,1,0,0,1,3,8,1,4,0,1,0,0,1,7,27,15,1,0,1,5,2,0,9,0,0,2,0,0,0,3,0,0,0,0,4,6,8,18,0,1,0,1,0,4,18,0,0,1,0,4,1,1,0,0,0,26,0,0,0,0,0,1,0,0,0,0,0,0,1,3,2,0,0,0,0,0,0,0,0,0,0,0
5,4,0,0,2,0,0,1,0,0,11,2,4,0,0,0,1,2,0,0,0,3,0,0,0,0,1,0,0,0,0,2,31,17,3,1,1,1,2,0,0,0,0,0,0,0,0,0,0,3,1,0,0,0,0,1,0,0,0,0,0,10,2,12,0,0,1,0,8,0,0,0,0,0,0,0,0,1,1,0,0,5,15,12,0,0,1,0,0,0,0,4,1,1,6,0,0,0,0,0,0,0,1,9,5,1,0,0,3,0,0,1,1,32,14,0,2,1,6,0,0,12,1,0,9,1,0,0,1,0,0,0,0,9,15,0,17,0,2,0,2,0,8,6,0,0,0,0,0,0,0,0,1,0,0,32,0,0,0,0,0,1,0,0,0,0,0,0,3,4,0,0,0,0,1,0,0,0,0,0,0
0,0,8,6,0,0,0,0,5,1,2,0,0,1,0,0,0,0,1,0,0,0,0,0,0,0,1,0,0,0,0,0,1,0,0,0,0,4,1,18,1,0,15,1,0,1,0,2,0,0,0,0,1,0,0,0,0,0,0,0,2,0,0,0,2,1,0,1,0,0,0,0,1,0,4,0,0,0,0,0,0,0,0,0,0,1,0,1,2,1,0,0,0,0,0,0,0,14,23,31,16,23,3,2,0,4,0,0,0,0,0,0,0,0,0,0,0,2,0,0,0,0,0,1,0,0,0,0,0,0,0,0,0,0,0,0,0,0,0,0,0,0,0,0,2,7,0,1,0,13,20,0,0,0,0,0,13,0,0,0,0,0,0,0,0,0,0,0,0,0,0,0,0,0,0,0,1,0,1,0,0
0,0,7,4,0,0,0,0,4,2,0,0,0,0,0,0,0,0,2,1,0,0,0,0,0,0,0,0,0,0,0,0,0,0,0,0,6,0,2,17,0,1,9,2,1,0,2,0,0,0,0,0,0,0,0,0,0,0,0,0,0,0,0,0,4,3,0,0,0,0,0,0,0,1,3,0,0,0,0,0,0,0,0,0,1,1,1,3,4,3,0,0,0,0,0,0,1,3,17,24,11,18,8,0,0,1,0,0,0,0,0,0,0,1,0,0,0,8,1,0,0,0,3,4,0,0,1,0,0,0,0,0,0,0,0,0,0,0,0,1,0,3,1,0,6,10,0,8,0,22,10,0,0,0,1,0,3,7,0,0,0,0,0,0,0,0,0,0,0,0,0,1,0,0,0,0,0,0,1,0,0
0,0,0,0,1,6,2,0,0,0,1,0,1,0,0,0,1,0,0,0,0,0,0,0,1,0,0,0,0,6,15,0,0,0,1,0,1,0,0,0,0,0,1,0,0,0,0,0,1,0,0,0,0,0,0,0,0,1,10,1,0,0,0,0,0,0,0,0,1,0,8,1,0,0,0,1,0,0,6,9,4,0,0,0,0,0,0,0,0,0,0,0,0,1,0,0,0,0,0,0,0,0,0,0,0,0,1,0,4,15,1,0,1,0,0,0,0,0,0,1,8,0,0,0,0,0,0,0,0,5,3,6,6,0,0,0,0,0,0,0,1,0,0,0,0,0,0,0,0,0,0,0,13,8,0,0,0,0,7,0,0,0,0,0,0,0,0,0,0,0,0,0,0,0,0,0,0,0,0,0,0
0,0,0,0,0,7,6,0,0,0,0,0,0,0,3,0,0,0,0,0,0,0,0,2,7,1,0,0,9,16,18,0,0,0,0,0,0,0,0,0,0,0,0,0,0,0,0,0,3,0,0,0,0,0,0,0,0,8,7,11,0,0,0,0,0,0,0,0,0,3,6,8,0,0,0,0,0,0,14,4,5,0,0,0,0,0,0,0,0,0,5,0,0,0,0,0,0,0,0,0,0,0,0,0,0,0,7,2,14,13,4,0,0,0,0,0,0,0,0,0,3,0,0,0,0,0,0,0,0,23,17,2,0,0,0,0,0,0,0,0,0,0,0,0,0,0,0,0,0,0,0,8,13,21,0,0,0,0,0,27,0,0,0,0,0,3,0,0,0,0,0,0,0,0,0,0,0,0,0,0,0
0,1,0,0,0,0,0,0,0,0,1,5,1,3,0,5,2,3,0,0,1,1,0,0,0,0,1,0,0,0,0,5,6,4,0,2,0,0,0,0,0,0,0,0,0,0,0,0,0,1,2,0,0,1,0,0,0,1,0,0,0,0,0,0,0,0,0,0,4,0,1,0,0,0,0,0,1,3,0,0,0,4,2,2,0,0,0,0,0,0,0,1,0,0,1,0,0,0,0,0,0,0,0,0,0,0,0,0,1,0,0,1,3,3,3,0,1,0,0,0,0,4,0,0,1,1,0,1,4,0,0,0,0,4,1,2,0,0,0,1,1,0,1,3,0,0,0,0,0,0,0,1,0,0,2,1,0,0,0,0,6,0,0,0,0,0,0,1,0,0,0,0,0,0,0,0,0,0,0,0,0
1,3,0,0,0,0,0,0,0,0,7,3,1,0,1,0,0,3,0,0,1,2,0,0,0,0,2,1,0,0,0,5,8,6,0,0,1,0,0,0,0,0,0,0,0,0,0,0,1,5,0,0,0,0,0,0,0,1,0,0,0,4,0,0,0,0,1,0,2,2,0,0,0,0,0,1,1,1,0,0,0,6,0,0,0,2,0,0,0,0,0,0,0,0,3,0,0,0,0,0,0,0,0,0,0,1,3,0,0,0,0,2,7,5,2,0,0,0,0,1,0,5,0,0,0,0,0,1,0,0,0,1,0,11,1,2,2,0,1,0,0,0,2,2,0,0,0,0,1,0,0,0,0,1,3,4,0,0,0,0,0,5,0,0,0,0,0,0,0,0,0,0,0,0,0,0,0,0,0,0,0
0,1,0,1,3,0,0,2,0,0,2,1,0,6,1,2,3,2,0,0,0,0,2,0,0,0,0,0,0,0,0,0,2,1,3,0,9,0,2,1,0,0,12,1,1,0,0,0,0,1,1,0,1,4,1,2,0,0,0,0,0,0,0,1,0,0,0,1,1,0,1,0,0,1,4,2,3,2,0,0,0,1,1,0,4,4,0,0,0,1,0,0,0,1,0,0,0,0,0,0,2,2,2,0,0,1,0,0,1,0,0,1,0,1,1,2,0,5,4,0,0,0,1,0,0,0,2,0,0,0,0,0,0,0,0,2,0,1,3,3,1,0,0,2,0,0,0,2,3,0,1,0,0,0,0,0,0,0,0,0,0,0,5,0,0,0,0,0,0,0,0,0,0,0,0,0,1,0,0,0,0
0,0,0,2,0,0,0,0,0,3,1,0,0,0,0,0,0,0,2,1,0,0,0,0,0,0,0,0,0,0,0,0,0,0,0,0,0,1,0,11,2,2,2,0,3,0,3,5,0,0,0,1,1,0,0,0,0,0,0,0,1,0,0,0,1,1,0,0,0,0,0,0,3,5,7,0,0,0,0,0,0,0,0,0,0,0,0,5,4,0,0,0,1,0,0,0,0,0,2,3,1,3,2,0,0,0,0,0,0,0,0,0,0,0,0,0,0,2,0,0,0,0,0,1,0,0,0,0,0,0,0,0,0,0,0,0,0,0,0,0,0,0,0,0,0,2,0,1,0,0,1,0,0,0,0,0,1,0,0,0,0,0,0,8,0,0,0,0,0,0,0,1,0,0,0,0,0,0,1,2,0
0,0,2,2,0,0,0,0,3,3,0,0,1,0,0,0,0,0,2,0,0,0,0,0,0,0,0,0,0,0,0,0,0,0,0,0,3,0,0,9,0,1,8,2,2,0,1,4,0,0,0,1,4,0,0,0,0,0,0,0,2,0,0,0,3,0,1,4,0,0,0,0,1,3,4,0,0,0,0,0,0,0,0,0,1,0,0,3,0,0,0,0,0,0,0,0,1,0,1,3,0,1,2,0,0,0,0,0,0,0,0,1,0,0,0,1,0,2,1,0,0,0,0,4,0,0,0,0,1,0,0,0,0,0,0,0,0,1,1,1,0,4,0,0,3,1,0,0,0,1,2,0,0,0,0,0,1,1,0,0,0,0,0,0,3,0,0,0,0,0,0,0,0,0,0,0,0,0,2,0,0
0,0,0,0,0,6,12,0,0,0,0,0,0,0,2,0,0,0,0,0,0,1,0,0,0,0,0,0,4,14,16,0,0,0,0,0,0,0,0,0,0,0,0,0,0,0,0,0,1,0,0,0,0,0,0,0,0,5,10,8,0,0,0,0,0,0,0,0,0,0,4,6,0,0,0,0,0,0,8,5,5,0,0,0,0,0,0,0,0,0,2,0,0,1,0,0,0,0,0,0,0,0,0,0,0,0,2,3,5,17,5,0,0,0,0,0,0,0,0,0,8,0,0,0,0,0,0,0,0,1,17,0,15,0,0,1,0,0,0,0,0,0,0,0,0,0,0,0,0,0,0,0,19,13,0,0,0,0,0,10,0,0,0,0,0,11,0,0,0,0,0,0,0,0,0,0,0,0,0,0,0
0,0,0,0,0,5,0,0,0,0,0,0,0,0,2,0,0,0,0,0,0,0,0,4,0,0,0,5,0,7,6,0,0,0,0,0,0,0,0,0,0,0,0,0,0,0,0,0,0,0,0,0,0,0,0,0,0,6,2,2,0,0,0,0,0,0,0,0,0,1,4,3,0,0,0,0,0,0,5,4,0,0,0,0,0,0,0,0,0,0,0,0,0,0,0,0,0,0,0,0,0,0,0,0,0,0,2,5,1,8,1,0,0,0,0,0,0,0,0,1,3,0,0,0,0,0,0,0,0,0,12,0,5,0,0,0,0,0,0,0,0,0,0,0,0,0,0,0,0,0,0,6,10,2,0,0,0,0,2,1,0,0,0,0,0,0,11,0,0,0,0,0,0,0,0,0,0,0,0,0,0
1,0,0,0,1,0,0,0,0,0,4,1,0,1,0,2,1,2,0,0,0,2,0,0,0,0,0,0,0,0,0,2,3,8,1,0,0,0,1,0,0,0,0,0,0,0,0,0,0,0,1,0,0,0,0,0,0,1,0,0,0,3,0,3,0,0,0,0,0,0,0,1,0,0,0,0,0,1,1,0,0,0,3,2,0,0,0,0,0,0,0,0,0,0,1,0,0,0,0,0,0,0,0,0,1,0,0,0,2,0,0,2,0,4,4,0,1,0,0,0,0,0,0,0,0,0,0,0,0,0,0,0,0,0,1,0,9,0,0,0,0,0,0,2,0,0,0,0,1,0,0,0,0,0,4,2,0,0,0,0,1,0,0,0,0,0,0,5,2,0,0,1,0,0,0,0,0,0,0,0,0
0,3,0,0,0,0,0,0,0,0,1,3,0,1,0,2,0,2,1,0,0,0,0,0,1,0,0,0,0,0,0,1,8,8,0,1,2,0,0,1,0,0,1,1,0,0,0,0,0,0,1,0,1,1,0,0,1,2,0,0,0,1,2,5,0,1,0,0,0,0,0,0,0,0,0,0,0,1,0,0,0,0,1,4,0,0,0,0,0,0,0,1,0,0,1,0,0,0,0,0,0,0,0,3,3,0,0,0,1,0,0,1,1,3,11,1,0,1,1,0,0,0,0,0,2,1,1,0,0,0,0,0,0,1,4,0,10,0,1,0,0,0,1,1,0,0,1,0,0,0,0,1,0,0,5,6,0,0,0,0,0,0,0,0,0,0,0,3,12,1,0,0,1,0,0,0,0,0,0,0,0
1,1,0,0,0,0,0,0,0,0,3,4,0,0,0,0,0,4,0,0,0,1,0,0,0,0,0,0,0,1,0,2,6,9,0,0,0,0,0,0,0,0,0,0,0,0,0,0,1,0,0,0,0,0,0,0,0,0,0,0,0,2,2,4,0,0,0,0,2,0,0,0,0,0,0,0,0,0,0,0,0,3,0,0,0,0,0,0,0,0,0,3,0,0,1,0,0,0,0,0,0,0,0,5,2,0,3,1,0,0,0,0,3,10,4,0,0,0,0,0,0,1,0,0,0,0,0,0,0,1,0,0,0,0,11,1,3,0,0,0,0,0,0,5,0,0,0,0,0,0,0,0,0,0,6,8,0,0,0,0,0,0,0,0,0,1,0,0,3,7,0,0,0,0,0,0,0,0,0,0,0
0,1,0,1,1,1,0,1,0,1,0,0,5,5,0,0,1,0,0,0,0,0,0,0,0,0,0,0,0,0,0,0,0,0,2,1,11,0,2,0,0,0,5,0,0,0,0,0,0,0,0,0,0,0,0,0,0,0,0,0,1,0,0,0,1,3,5,0,0,0,1,0,0,0,0,1,0,0,0,0,0,0,0,0,0,1,0,0,0,0,0,0,0,0,0,0,0,0,0,0,0,0,6,0,0,1,0,0,0,0,0,0,0,0,0,2,2,9,2,0,0,0,1,0,0,0,2,3,0,0,0,0,0,0,0,0,0,0,5,0,5,0,1,0,0,0,2,8,1,0,1,0,0,0,0,0,0,1,1,0,0,0,0,0,0,0,0,0,1,0,5,2,0,0,0,0,1,0,0,0,0
0,1,0,0,0,0,0,1,0,0,2,0,0,2,0,0,1,1,0,0,0,0,0,0,0,0,0,0,0,0,0,2,0,1,2,0,6,1,0,0,0,0,4,0,0,0,0,0,0,0,1,0,0,0,0,0,0,0,0,0,0,0,0,0,1,1,0,0,0,0,1,0,0,0,0,0,0,0,0,0,0,0,0,0,1,1,0,0,0,0,0,0,0,0,0,0,0,0,1,1,0,1,4,2,0,0,0,0,0,0,0,1,0,1,1,0,2,4,2,0,0,0,0,0,0,0,1,0,0,0,0,0,0,0,2,0,0,0,2,0,1,0,2,0,0,0,1,4,1,0,1,0,0,0,0,1,0,1,0,0,1,0,0,1,0,0,0,2,1,1,3,7,0,0,0,0,0,0,0,1,0
0,0,0,0,0,0,6,1,0,0,0,0,1,0,2,0,0,0,0,0,0,0,0,5,7,1,1,1,8,10,27,0,1,0,0,0,0,0,0,0,0,0,0,0,0,0,0,0,3,0,0,0,0,0,0,0,0,9,7,14,0,0,0,0,0,0,0,0,0,2,9,6,0,0,0,0,0,0,12,6,8,0,1,0,0,0,0,0,0,0,4,0,0,3,0,0,0,0,0,0,0,0,0,0,0,0,9,3,12,16,5,0,1,0,0,0,0,0,0,2,8,0,0,0,1,0,0,0,0,18,10,6,10,0,0,0,1,0,0,0,1,0,0,1,0,0,0,0,0,0,0,5,21,19,0,0,0,0,1,14,0,0,0,0,0,5,4,0,1,0,0,0,3,0,0,0,0,0,0,0,0
0,0,0,0,0,10,2,0,0,0,0,0,0,0,1,0,0,0,0,0,0,0,0,5,0,0,2,4,2,4,16,0,1,0,0,0,0,0,0,0,0,0,0,0,0,0,0,0,0,0,0,0,0,0,0,0,0,7,5,0,0,0,0,0,0,0,0,0,0,2,9,3,0,0,0,0,0,1,8,0,3,1,0,0,0,0,0,0,0,0,2,0,0,3,0,0,0,0,0,0,0,0,0,0,1,0,1,5,6,12,1,0,0,1,0,0,0,0,0,0,0,0,0,0,0,0,0,0,0,7,12,2,3,0,0,1,0,0,0,0,0,0,0,1,0,0,0,0,0,0,0,7,14,4,0,0,0,0,2,5,0,0,0,0,0,5,7,0,0,0,0,0,0,0,0,0,0,0,0,0,0
2,0,0,0,1,0,0,2,0,0,4,3,0,3,0,2,1,5,0,1,0,0,0,1,1,0,1,1,0,0,0,5,15,4,0,1,0,0,3,0,0,0,0,0,0,1,0,0,2,3,4,0,0,1,0,2,0,0,0,0,0,6,3,2,0,0,0,0,2,2,0,0,0,0,0,1,1,2,0,0,0,4,5,0,0,1,0,0,0,0,0,0,0,0,3,0,0,0,0,0,0,0,0,0,4,0,2,0,2,0,0,4,4,7,6,0,2,0,0,1,0,0,0,0,0,4,0,0,1,0,0,2,0,4,4,2,10,0,0,0,0,0,4,6,0,0,0,0,0,0,0,0,0,0,2,9,0,0,0,0,2,5,0,0,0,0,0,0,4,3,0,0,1,0,4,0,0,0,0,0,0
2,0,0,0,0,0,1,1,0,0,2,2,1,0,0,2,0,1,0,0,0,0,0,0,0,0,0,0,0,0,1,1,11,7,0,0,1,0,0,0,0,0,1,0,0,0,0,0,0,0,2,0,0,0,0,0,1,1,0,0,0,3,0,6,0,0,0,0,4,0,0,1,0,0,0,0,0,1,0,0,0,4,3,4,0,0,0,0,0,0,0,2,0,0,1,0,0,0,0,0,0,0,1,0,0,0,0,0,1,0,0,1,0,7,8,0,0,1,0,0,0,5,0,0,4,0,0,0,2,0,0,0,0,1,5,0,7,0,0,0,1,0,2,3,0,0,0,0,2,0,0,0,1,0,9,7,0,0,0,0,3,0,0,0,0,0,0,2,4,3,0,0,2,0,0,0,0,0,0,0,0
0,0,1,0,1,0,0,1,0,1,1,2,2,2,0,2,2,0,0,0,0,0,0,1,0,0,0,0,0,0,0,0,1,1,4,0,11,2,2,2,0,0,6,0,0,0,0,0,0,0,0,1,0,0,0,0,1,0,0,0,0,0,2,0,1,1,1,0,1,1,1,0,0,0,3,2,2,1,0,0,0,0,0,0,0,2,2,0,0,2,0,1,0,0,0,0,0,0,1,1,1,2,9,0,0,2,0,0,2,0,0,0,0,2,1,2,0,10,4,0,0,0,0,0,0,1,1,3,1,0,0,0,0,0,1,0,0,0,0,0,5,0,0,1,0,0,0,8,1,1,2,0,1,0,0,0,1,0,0,0,0,0,2,0,0,0,0,0,0,0,4,3,0,0,1,0,9,0,0,1,0
2,0,1,0,1,0,0,4,0,0,2,0,6,5,0,1,3,5,0,0,0,0,1,0,0,0,1,0,0,0,0,1,0,1,6,0,6,1,2,3,0,0,8,0,1,0,0,0,0,2,6,0,1,2,0,1,0,0,0,0,0,1,2,0,0,0,1,0,1,0,0,0,0,0,1,6,2,0,0,0,0,0,0,0,1,2,2,0,0,0,0,0,1,0,0,0,0,0,0,0,0,0,3,0,0,0,0,0,0,0,0,2,2,0,0,2,3,5,3,0,0,0,0,0,0,1,1,0,0,0,0,0,0,0,0,0,0,1,3,2,3,0,0,0,0,0,3,2,2,0,0,0,0,0,1,3,0,0,1,0,0,0,2,0,0,0,0,1,0,0,0,2,0,0,3,0,0,0,0,0,0
0,0,2,5,0,0,0,0,3,5,0,0,0,0,0,0,0,0,1,0,0,0,0,0,0,0,0,0,0,0,0,0,0,0,0,0,0,0,0,11,0,0,1,1,1,0,2,3,0,0,1,1,3,0,0,0,0,0,0,0,2,0,0,0,1,2,0,2,0,0,0,0,1,2,1,0,0,0,0,0,0,0,0,0,0,0,0,1,0,1,0,0,0,0,0,0,0,1,3,4,5,11,2,0,0,0,0,0,0,0,0,1,0,0,0,1,0,1,0,0,0,0,0,0,0,0,0,0,0,0,0,0,0,0,0,0,0,0,0,1,0,1,1,0,1,2,0,1,0,1,1,0,0,0,0,0,4,2,0,0,0,0,1,2,2,0,0,0,0,0,0,1,0,0,0,0,0,0,7,0,0
0,0,0,0,0,0,0,0,0,1,1,1,0,0,0,0,0,0,0,0,0,0,0,0,0,0,0,0,0,0,0,0,1,0,0,0,4,1,1,10,0,0,4,0,2,0,3,3,0,0,0,2,2,0,0,0,0,0,0,0,2,0,2,0,1,0,0,2,0,0,0,0,0,2,7,2,0,0,0,0,0,0,0,0,0,0,1,1,2,4,0,0,0,0,0,0,0,1,2,3,3,5,2,0,0,0,0,0,1,0,0,0,0,1,1,0,0,5,1,0,0,0,0,0,0,0,0,0,0,0,0,0,0,0,0,0,0,0,0,0,1,1,0,1,5,2,0,1,1,2,3,0,1,0,0,0,3,1,0,0,0,0,0,5,0,0,0,0,0,0,1,1,0,0,0,0,7,0,0,3,0
0,0,3,0,0,0,0,1,1,3,1,0,1,0,0,1,1,0,2,0,0,0,0,0,0,0,0,0,0,0,0,0,0,0,1,0,1,1,0,8,0,1,5,2,2,0,1,4,0,0,0,1,2,0,0,0,1,0,0,0,1,0,0,0,2,1,0,0,0,0,0,0,1,2,4,1,0,0,0,0,0,0,0,0,1,0,0,1,1,2,0,0,0,0,0,0,1,1,1,3,1,3,2,0,0,0,0,0,0,0,0,0,0,1,0,0,0,2,1,0,0,0,0,0,0,0,0,1,0,0,0,0,0,0,0,0,0,0,0,1,1,3,0,0,1,2,0,1,0,3,0,0,0,0,0,0,2,3,0,0,0,0,1,4,3,0,0,0,0,0,0,1,0,0,0,0,3,0,7,3,0
