0,1,2,3,4,5,6,7,8,9,10,11,12,13,14,15,16,17,18,19,20,21,22,23,24,25,26,27,28,29,30,31,32,33,34,35,36,37,38,39,40,41,42,43,44,45,46,47,48,49,50,51,52,53,54,55,56,57,58,59,60,61,62,63,64,65,66,67,68,69,70,71,72,73,74,75,76,77,78,79,80,81,82,83,84,85,86,87,88,89,90,91,92,93,94,95,96,97,98,99,100,101,102,103,104,105,106,107,108,109,110,111,112,113,114,115,116,117,118,119,120,121,122,123,124,125,126,127,128,129,130,131,132,133,134,135,136,137,138,139,140,141,142,143,144,145,146,147,148,149,150,151,152,153,154,155,156,157,158,159,160,161,162,163,164,165,166,167,168,169,170,171,172,173,174,175,176,177,178,179,180,181,182,183,184,185,186,187,188,189
24,0,0,0,2,3,0,6,3,0,4,3,1,3,4,0,0,0,4,6,0,0,10,1,0,2,1,0,0,0,1,1,0,0,0,0,0,0,2,0,0,0,2,0,0,1,1,0,0,3,0,5,0,0,3,0,0,0,5,0,0,3,0,0,0,0,0,0,0,0,0,1,0,0,0,0,0,0,0,0,5,0,5,0,0,8,0,0,1,0,0,0,0,1,0,0,0,0,0,0,0,0,0,0,0,0,0,1,0,0,0,0,0,0,0,1,4,0,0,1,1,0,0,1,0,3,0,0,0,0,0,0,0,0,0,4,3,0,1,0,1,0,0,1,0,0,2,0,0,2,1,2,0,1,0,0,0,0,0,0,0,0,0,0,0,0,0,1,0,0,0,0,0,0,0,0,0,0,0,0,0,0,0,0,0,0,0,0,0,0
0,1,0,0,0,1,0,0,0,0,0,0,1,0,0,0,0,0,0,0,0,0,0,1,0,0,0,0,0,0,0,0,0,0,0,0,0,0,1,0,0,0,0,0,0,0,0,0,0,0,0,0,0,0,0,0,0,0,0,0,0,0,0,1,0,0,0,0,0,0,0,0,0,0,0,0,0,0,0,0,1,0,0,0,0,0,0,0,0,0,0,0,0,0,0,0,0,0,0,0,0,0,0,0,0,0,0,0,0,0,0,0,0,0,0,0,0,0,0,0,0,0,0,0,0,0,0,0,0,0,0,0,0,0,0,0,0,0,0,0,0,0,0,0,0,0,0,0,0,0,0,0,0,0,0,0,0,0,0,0,0,0,0,0,0,0,0,0,0,0,0,0,0,0,0,0,0,0,0,0,0,0,0,0,0,0,0,0,0,0
0,0,89,0,8,7,3,4,20,7,9,3,2,8,2,0,5,0,1,16,1,0,7,25,9,8,16,2,4,1,2,4,5,2,2,0,0,0,7,0,3,0,1,2,7,2,14,9,0,0,0,7,0,0,2,0,2,1,5,2,0,10,0,11,2,5,3,2,2,0,0,4,3,1,1,0,1,2,0,0,1,0,15,1,0,9,23,9,5,12,2,0,1,1,1,3,0,0,0,0,0,0,2,0,0,0,0,0,0,0,0,2,0,0,0,4,1,1,0,6,6,1,5,2,9,2,18,2,1,4,8,1,2,0,0,0,6,0,0,2,0,2,0,0,0,0,3,0,0,0,1,0,0,0,0,0,1,0,0,0,0,0,0,1,0,0,0,0,0,0,0,0,0,0,0,0,0,0,0,0,0,0,0,0,0,0,0,0,0,0
0,0,0,38,4,0,0,0,3,5,2,1,1,0,0,0,0,0,0,0,0,0,0,2,3,0,16,1,8,9,0,0,0,2,0,0,0,0,0,0,3,0,0,0,1,0,2,2,0,0,0,0,0,0,1,0,3,0,1,2,0,0,0,1,0,2,4,7,0,3,2,0,0,1,1,7,11,9,0,0,0,0,0,0,0,0,2,3,1,12,1,0,0,0,1,0,0,0,0,0,0,0,0,0,1,0,0,0,0,0,0,0,0,0,0,0,0,0,0,0,0,0,0,1,3,0,0,5,1,0,9,0,1,0,0,0,0,0,0,0,0,1,2,0,0,0,1,0,0,0,1,0,0,0,0,0,0,0,0,0,0,0,0,0,1,0,0,0,0,0,0,0,0,0,0,0,0,0,0,1,0,0,0,0,0,0,0,0,0,0
2,0,8,4,59,6,4,7,7,4,8,4,4,6,1,0,0,0,0,2,0,1,4,13,1,14,15,2,1,1,0,2,8,1,0,0,0,0,0,1,0,0,1,3,6,3,2,2,0,0,0,1,0,0,5,0,4,0,7,5,0,1,0,2,0,0,3,1,1,0,0,0,0,1,1,1,3,3,0,0,2,0,3,0,1,6,12,1,7,7,1,0,0,1,0,1,0,0,0,0,0,0,1,0,2,0,0,0,0,0,0,0,0,0,0,0,1,0,0,0,7,0,3,2,1,2,8,3,1,1,9,0,0,0,0,1,1,0,0,0,1,2,1,0,0,0,2,1,0,0,2,0,1,0,0,0,3,0,0,0,0,0,0,1,0,0,1,0,0,1,0,0,0,0,0,0,0,0,0,1,0,0,0,0,0,0,0,0,0,0
3,1,7,0,6,49,0,7,5,1,8,6,2,15,0,0,0,0,2,2,0,0,12,22,0,7,4,0,0,0,0,8,6,0,5,0,0,0,4,0,0,1,4,1,2,1,5,0,0,1,0,0,0,0,3,0,1,0,7,0,0,2,0,10,1,0,0,0,0,0,0,1,1,0,0,0,0,0,0,0,2,0,0,1,0,21,14,0,2,1,0,0,0,2,2,0,0,1,0,0,1,0,0,1,0,0,0,1,0,0,1,0,0,0,0,0,0,0,0,9,0,0,6,0,0,5,8,1,0,0,2,0,0,0,0,1,0,0,2,0,1,0,0,0,1,0,2,0,0,1,0,0,0,1,0,0,2,0,0,1,0,0,0,0,0,0,0,0,0,0,0,0,0,0,0,0,0,0,0,0,0,0,0,0,0,0,0,0,0,0
0,0,3,0,4,0,15,2,0,1,3,0,1,1,0,0,0,0,0,0,1,0,0,0,0,4,10,0,0,0,0,0,3,3,0,0,0,0,1,0,0,0,0,1,1,0,0,0,0,0,0,0,0,0,2,0,1,0,1,1,0,1,0,0,0,0,5,1,0,0,0,1,0,2,2,0,0,0,0,0,0,0,0,1,0,5,0,0,0,5,0,0,0,0,0,0,0,0,0,0,0,0,0,0,0,0,0,0,0,0,0,0,0,0,0,0,0,1,0,1,0,0,2,0,0,0,0,0,0,1,2,0,0,0,0,0,0,0,0,0,0,0,0,0,0,0,0,0,0,0,0,0,0,0,0,1,0,0,0,0,0,0,0,0,0,0,0,0,0,0,0,0,0,0,0,0,0,0,0,0,0,0,0,0,0,0,0,0,0,0
6,0,4,0,7,7,2,62,0,0,3,7,2,6,13,0,1,0,16,14,0,0,11,7,0,9,3,0,0,0,9,3,3,0,0,0,0,10,4,0,0,1,4,2,1,8,3,0,0,6,0,5,1,0,2,0,0,0,4,1,0,6,0,0,0,0,0,0,0,0,0,1,0,0,0,0,0,0,0,0,24,2,6,1,0,19,1,0,3,1,0,2,1,1,0,0,1,0,0,0,2,0,1,0,0,0,0,0,2,0,1,2,1,0,0,5,10,0,0,2,2,0,1,0,0,3,0,0,0,1,0,0,0,0,0,11,5,0,1,0,2,0,0,3,0,1,1,0,1,2,1,3,1,3,1,0,4,0,2,0,0,0,1,1,1,0,0,2,0,1,0,0,0,0,1,0,0,0,0,1,0,0,0,0,0,0,0,0,0,0
3,0,20,3,7,5,0,0,174,0,8,2,2,5,13,0,14,0,5,84,1,32,2,35,3,3,5,1,1,0,9,1,0,1,1,0,0,1,45,22,2,0,1,2,12,2,15,2,0,2,0,37,1,9,2,0,2,0,3,3,1,81,0,16,6,0,1,3,1,0,0,10,1,1,2,0,2,3,0,0,4,0,70,4,29,3,42,5,1,7,1,11,11,1,1,0,7,2,1,0,0,3,2,4,0,0,0,2,0,4,2,4,2,0,0,22,47,4,4,7,5,0,1,2,3,1,14,2,1,2,1,1,1,0,0,5,42,18,2,1,1,2,0,1,0,0,5,0,0,2,5,5,6,1,0,0,4,0,2,0,1,0,0,0,0,0,0,1,0,0,0,0,0,0,0,0,0,0,0,1,0,0,0,0,0,1,1,0,0,0
0,0,7,5,4,1,1,0,0,45,0,1,1,0,0,0,0,0,0,0,0,0,0,15,17,1,8,1,1,1,0,0,0,0,0,0,0,0,0,0,1,0,1,1,9,0,6,14,0,0,0,0,0,0,1,0,1,0,0,1,0,0,0,12,1,10,1,2,0,0,2,0,1,0,0,3,2,2,0,0,0,0,0,0,0,0,10,17,1,12,1,0,0,2,1,0,0,0,0,0,0,0,0,0,0,0,0,0,0,0,0,1,0,0,0,0,1,0,0,2,4,2,0,1,16,0,2,2,1,0,11,0,2,0,0,0,0,0,0,4,1,9,2,0,0,0,1,0,0,0,1,0,0,0,0,0,0,0,0,0,0,0,1,0,0,0,0,0,0,0,0,0,0,0,0,1,0,0,0,1,0,0,0,0,0,0,0,0,0,0
4,0,9,2,8,8,3,3,8,0,93,5,4,4,1,0,0,0,2,2,0,4,19,33,2,15,15,0,1,0,0,5,6,1,1,0,0,1,1,4,2,0,6,2,6,7,11,2,0,2,0,0,0,0,8,0,2,1,21,2,0,5,0,11,3,0,5,2,0,0,0,0,2,2,3,0,0,0,0,0,5,0,5,0,5,23,21,1,11,9,0,0,0,0,2,0,0,1,1,0,0,0,0,1,0,0,0,0,0,0,4,1,0,0,0,2,1,0,0,11,11,1,5,6,2,8,13,2,0,3,11,0,0,0,0,1,2,1,4,0,4,2,1,1,1,4,4,0,0,1,2,1,0,0,1,1,3,0,0,0,0,0,0,2,0,0,1,0,0,1,1,0,0,0,0,1,0,0,0,0,0,0,0,0,0,0,0,0,0,0
3,0,3,1,4,6,0,7,2,1,5,30,0,4,0,0,0,0,0,1,0,0,11,7,1,4,3,0,0,0,0,6,2,0,2,0,0,0,0,0,0,0,4,2,0,3,3,1,0,0,0,1,0,0,4,0,0,0,6,1,0,2,0,3,0,1,0,0,0,0,0,0,0,0,0,0,0,0,0,0,1,0,2,0,0,11,4,1,0,3,0,0,0,0,0,0,0,0,0,0,0,0,0,0,1,0,0,0,0,0,0,0,0,0,0,0,0,0,0,1,5,0,1,2,1,0,0,0,0,2,1,0,0,0,0,1,1,0,1,0,0,2,0,1,0,0,2,0,1,0,1,1,1,1,1,0,2,0,0,0,0,0,0,0,1,1,0,1,0,0,0,1,0,0,1,0,0,0,0,0,0,0,0,0,0,0,0,0,0,0
1,1,2,1,4,2,1,2,2,1,4,0,33,0,3,0,3,0,0,8,0,0,0,9,3,2,4,6,1,0,0,1,1,0,2,0,0,0,4,0,0,0,0,0,3,0,3,4,0,0,0,3,0,0,2,0,2,0,1,1,0,4,0,6,0,3,3,0,4,1,0,0,3,0,0,1,4,3,0,0,5,0,2,0,0,2,7,3,1,4,3,0,0,0,0,1,0,1,0,0,0,0,0,0,0,0,0,0,0,0,0,1,0,0,0,4,0,0,0,3,1,0,2,0,1,0,6,1,5,1,1,1,0,0,0,1,1,0,0,0,0,3,0,0,0,0,0,0,0,0,0,0,0,0,0,0,1,0,0,0,0,0,1,0,0,0,0,0,0,0,0,0,0,0,0,0,0,0,0,0,0,0,0,0,0,0,0,0,0,0
3,0,8,0,6,15,1,6,5,0,4,4,0,31,4,0,4,0,4,7,0,0,7,5,0,5,1,0,0,0,3,4,4,0,1,0,0,1,6,0,0,0,1,1,1,0,1,0,0,2,0,3,0,0,2,0,0,0,4,0,0,4,0,2,0,0,0,0,0,0,0,2,0,0,0,0,0,0,0,0,3,0,6,0,0,7,3,0,2,0,0,0,0,1,0,0,0,0,0,0,0,0,0,0,0,0,0,1,0,0,0,1,0,0,0,4,1,0,0,1,0,0,0,0,0,0,1,0,0,0,0,0,0,0,0,2,1,0,0,0,0,0,0,0,0,0,0,0,0,0,0,0,0,1,0,0,2,0,0,0,0,0,0,0,0,0,0,0,0,0,0,0,0,0,0,0,0,0,0,0,0,0,0,0,0,0,0,0,0,0
4,0,2,0,1,0,0,13,13,0,1,0,3,4,48,0,0,0,13,21,0,1,3,4,0,3,3,0,0,0,9,1,2,0,0,0,0,7,10,0,0,0,3,1,0,1,0,0,0,6,0,10,0,1,1,0,0,0,4,1,0,14,0,3,0,0,1,0,0,0,0,2,1,0,0,0,0,0,0,0,14,0,14,3,1,3,5,0,4,0,0,1,2,0,1,1,0,0,0,0,2,0,0,1,0,0,0,2,0,0,1,0,1,0,0,12,4,1,0,3,0,0,0,0,0,0,3,1,0,2,0,0,0,0,0,11,3,0,2,0,2,1,0,0,0,1,0,0,0,1,0,0,0,0,0,0,1,0,1,1,0,0,0,0,0,0,0,0,0,0,0,0,0,0,0,0,0,0,0,0,0,0,0,0,0,0,0,0,0,0
0,0,0,0,0,0,0,0,0,0,0,0,0,0,0,1,0,0,0,0,0,0,0,1,0,0,0,0,0,0,0,0,0,0,0,0,0,0,0,0,0,0,0,0,0,0,1,0,0,0,0,0,0,0,0,0,0,0,0,0,0,0,0,0,0,0,0,0,0,0,0,0,0,0,0,0,0,0,0,0,1,0,0,0,0,0,0,0,0,0,0,0,0,0,0,0,0,0,0,0,0,0,0,0,0,0,0,0,0,0,0,1,0,0,0,0,0,0,0,0,0,0,0,0,0,0,0,0,0,0,0,0,0,0,0,0,0,0,0,0,0,0,0,0,0,0,0,0,0,0,0,0,0,0,0,0,0,0,0,0,0,0,1,0,0,0,0,0,0,0,0,0,0,0,0,0,0,0,0,0,0,0,0,0,0,0,0,0,0,0
0,0,5,0,0,0,0,1,14,0,0,0,3,4,0,0,32,0,3,28,0,1,0,0,0,0,0,0,0,0,5,0,0,0,0,0,0,0,11,0,0,0,0,0,0,0,0,0,0,2,0,17,0,1,0,0,0,0,0,0,0,24,0,0,0,0,0,0,0,0,0,2,0,0,0,0,0,0,0,0,4,0,25,0,0,0,2,1,0,0,0,3,2,0,0,0,2,0,0,0,0,0,0,0,0,0,0,0,0,0,0,0,0,0,0,19,2,0,0,0,0,0,0,0,0,0,0,0,0,0,0,0,0,0,0,2,7,0,0,0,0,0,0,0,0,0,1,0,0,2,0,0,0,0,0,0,0,0,0,0,0,0,0,0,0,0,0,0,0,0,0,0,0,0,0,0,0,0,0,0,0,0,0,0,0,0,0,0,0,0
0,0,0,0,0,0,0,0,0,0,0,0,0,0,0,0,0,41,0,0,0,0,0,0,0,0,0,0,0,0,0,0,0,0,0,1,30,0,2,0,0,0,0,0,0,0,0,0,1,0,0,0,0,0,0,0,0,0,0,0,35,4,0,0,0,0,1,0,0,0,0,0,0,0,0,0,0,0,2,30,0,0,0,9,0,0,0,0,0,0,0,0,0,0,0,0,0,0,0,1,28,1,1,0,0,1,6,21,5,0,0,2,0,3,6,0,0,0,0,0,0,0,0,0,0,0,0,0,0,0,0,0,0,2,30,0,2,0,0,0,0,0,0,0,0,0,0,0,0,0,0,0,0,0,0,0,0,1,18,10,0,0,1,0,0,0,0,0,0,0,0,0,0,0,0,0,0,0,0,0,0,0,0,0,0,0,0,0,0,0
4,0,1,0,0,2,0,16,5,0,2,0,0,4,13,0,3,0,53,0,0,0,1,0,0,0,0,0,0,0,9,0,1,0,0,0,0,24,3,0,0,0,2,1,2,5,2,0,0,15,0,1,0,0,0,0,0,0,0,0,0,2,0,0,0,0,0,0,0,0,0,3,0,0,0,0,0,0,1,0,36,2,5,1,0,6,0,0,0,0,0,2,1,0,0,0,0,0,0,0,1,0,1,0,0,0,0,1,1,0,0,1,0,0,0,8,18,0,0,0,1,1,0,2,0,1,0,0,0,0,0,0,0,0,0,34,2,0,0,0,0,0,0,14,2,0,10,0,0,3,1,9,2,9,1,0,2,0,1,0,0,0,0,0,0,0,0,7,0,0,0,1,3,0,0,3,0,0,0,0,0,0,0,0,0,0,1,0,0,0
6,0,16,0,2,2,0,14,84,0,2,1,8,7,21,0,28,0,0,232,0,0,0,0,0,0,0,0,0,0,15,1,0,0,0,0,0,3,107,0,0,1,0,0,5,0,7,0,0,5,1,78,25,0,0,0,0,0,2,0,1,162,0,0,4,0,0,0,0,0,0,12,2,0,1,0,0,0,0,1,16,7,125,57,3,2,20,0,0,0,0,14,11,0,0,2,11,0,0,0,42,17,4,1,0,0,0,38,13,4,1,2,4,0,0,45,62,3,4,1,2,3,0,0,0,0,8,0,0,0,1,0,0,0,1,15,137,1,1,0,0,1,0,0,0,0,14,0,0,9,15,5,7,3,0,0,9,0,45,14,1,0,0,2,0,0,0,4,0,0,0,0,0,0,0,0,1,0,0,0,0,0,0,0,0,0,1,0,0,0
0,0,1,0,0,0,1,0,1,0,0,0,0,0,0,0,0,0,0,0,7,0,0,0,0,0,0,0,0,0,0,0,0,0,0,0,0,0,4,0,0,0,0,0,0,0,0,0,0,0,0,1,2,0,0,0,0,0,0,0,0,5,0,0,0,0,1,0,0,0,0,1,0,0,0,0,0,0,0,0,0,0,1,6,0,0,0,0,0,0,0,0,0,0,0,0,0,0,0,0,0,0,0,0,0,0,0,2,0,0,0,0,0,1,0,0,0,5,0,0,0,0,0,0,0,0,0,0,0,0,0,0,0,0,0,0,0,0,0,0,0,0,0,0,0,0,0,0,0,0,0,0,0,0,0,0,0,0,0,0,0,0,0,0,0,0,0,0,0,0,0,0,0,0,0,0,0,0,0,0,0,0,0,0,0,0,0,0,0,0
0,0,0,0,1,0,0,0,32,0,4,0,0,0,1,0,1,0,0,0,0,37,0,0,0,0,0,0,0,0,0,0,0,0,0,0,0,0,1,23,0,0,0,0,0,0,0,1,0,0,0,1,0,12,0,0,0,0,0,0,0,34,0,1,0,0,0,0,0,0,0,6,0,0,0,0,0,0,0,0,0,0,3,0,29,0,0,5,0,0,0,4,7,0,0,0,3,0,0,0,3,2,0,0,0,0,0,2,1,0,0,0,0,0,0,9,12,0,0,0,0,0,0,0,1,0,0,0,0,0,0,0,0,0,0,0,1,20,0,0,0,0,0,0,0,0,0,0,0,0,0,0,0,0,0,0,1,0,3,1,0,0,0,0,0,0,0,0,0,0,0,0,0,0,0,0,0,0,0,0,0,0,0,0,0,0,0,0,0,0
10,0,7,0,4,12,0,11,2,0,19,11,0,7,3,0,0,0,1,0,0,0,81,0,0,5,0,0,0,0,0,10,4,0,5,0,0,1,2,0,0,0,18,5,4,13,3,0,0,3,0,0,0,0,2,0,0,0,20,0,0,2,0,0,0,0,0,0,0,0,0,0,0,0,0,0,0,0,0,0,8,0,1,0,0,55,3,0,5,0,0,0,0,1,0,0,0,0,0,0,0,0,1,2,0,0,0,0,0,0,1,2,2,0,0,0,1,0,0,5,16,0,1,3,0,9,0,0,0,9,1,0,0,0,0,6,0,0,6,0,10,0,0,3,8,6,9,0,0,1,3,3,3,3,5,0,13,0,0,0,0,0,0,0,0,0,0,4,0,6,1,0,1,1,0,1,0,1,0,0,0,0,0,0,0,0,0,0,0,0
1,1,25,2,13,22,0,7,35,15,33,7,9,5,4,1,0,0,0,0,0,0,0,225,0,0,1,0,0,0,0,3,0,2,6,0,0,0,6,0,1,0,1,0,39,4,100,2,0,0,0,1,0,0,9,0,0,1,35,4,0,3,0,107,13,0,1,2,0,0,0,4,11,1,1,0,0,0,0,0,8,1,17,0,0,30,142,1,1,18,0,0,0,5,16,0,0,7,0,0,6,0,14,15,0,0,0,2,4,0,15,12,16,0,0,0,1,1,0,46,31,5,2,2,0,6,89,2,0,0,37,0,1,0,0,0,8,0,6,0,0,26,2,0,4,2,6,1,0,1,1,0,1,0,2,0,6,0,3,2,1,0,5,7,2,0,1,0,0,0,0,0,0,1,0,0,0,0,0,1,0,0,0,0,0,6,3,0,0,0
0,0,9,3,1,0,0,0,3,17,2,1,3,0,0,0,0,0,0,0,0,0,0,0,45,0,0,0,0,0,0,0,0,1,0,0,0,0,0,0,0,0,0,0,4,0,1,34,0,0,0,0,0,0,0,0,1,0,0,0,0,2,2,9,2,23,0,1,0,0,0,0,5,0,1,0,0,1,0,0,0,0,0,0,2,0,1,38,0,0,3,0,0,2,9,0,0,1,0,0,0,0,0,1,0,0,0,0,0,0,0,0,0,0,0,0,0,0,0,7,5,0,0,2,41,0,0,0,0,0,0,2,0,0,0,0,0,0,0,8,0,1,0,0,0,0,1,0,0,0,2,0,0,0,0,0,0,0,0,0,0,0,0,0,0,0,0,0,0,0,0,0,0,0,0,1,0,0,0,0,0,0,0,0,0,0,0,0,0,0
2,0,8,0,14,7,4,9,3,1,15,4,2,5,3,0,0,0,0,0,0,0,5,0,0,78,0,0,0,0,0,2,11,1,1,0,0,0,0,0,0,0,5,10,0,10,0,0,0,0,0,0,0,0,8,0,0,1,10,2,0,1,0,0,0,0,1,0,0,0,0,0,0,3,2,0,1,1,0,0,2,0,0,0,0,28,2,0,26,2,0,0,0,0,0,2,0,1,1,0,0,0,1,0,0,0,0,0,0,0,0,1,0,0,0,0,0,0,0,1,2,0,7,9,0,6,2,1,0,11,0,0,2,0,0,2,0,0,4,0,12,1,0,0,4,4,3,0,4,0,5,0,3,0,3,2,12,0,0,0,2,0,0,0,2,0,1,1,1,2,5,0,1,0,2,0,0,0,1,2,0,0,0,0,0,0,0,0,0,0
1,0,16,16,15,4,10,3,5,8,15,3,4,1,3,0,0,0,0,0,0,0,0,1,0,0,159,0,2,2,0,1,8,9,1,0,0,0,0,0,18,0,1,0,4,1,9,0,0,0,0,0,0,0,9,0,22,6,11,23,0,1,0,1,0,0,43,23,0,2,2,0,2,5,8,2,8,16,0,0,0,0,0,0,0,9,8,0,17,91,1,0,0,1,0,13,0,0,3,0,1,1,4,5,5,0,0,2,0,0,5,3,2,0,0,0,0,0,0,1,0,4,25,17,0,0,15,35,1,2,40,0,8,0,0,0,0,0,3,0,3,10,15,0,2,3,4,3,1,0,4,0,3,0,4,1,3,0,0,1,1,1,2,2,2,2,2,0,0,0,0,2,0,0,0,0,0,0,0,2,0,0,0,0,0,1,2,0,0,0
0,0,2,1,2,0,0,0,1,1,0,0,6,0,0,0,0,0,0,0,0,0,0,0,0,0,0,23,0,0,0,0,0,1,0,0,0,0,0,0,0,0,0,0,1,1,0,4,0,0,0,0,0,0,0,0,5,1,1,4,0,0,0,0,0,0,1,1,18,0,0,0,0,2,0,1,6,9,0,0,0,0,0,0,0,0,0,0,0,2,12,0,0,0,0,4,0,0,0,0,0,0,0,0,2,0,0,0,0,0,0,0,0,0,0,0,0,0,0,0,0,0,2,2,0,0,0,0,21,0,0,8,0,0,0,0,0,0,0,0,0,0,0,0,0,0,0,0,0,0,0,0,0,0,0,0,0,0,0,0,0,0,0,0,0,0,0,0,0,0,0,0,0,0,0,0,0,0,0,0,0,0,0,0,0,0,0,0,0,0
0,0,4,10,3,0,0,0,3,1,1,0,1,0,0,0,0,0,0,0,0,0,0,0,0,0,2,0,82,39,0,0,0,28,0,0,0,0,0,0,15,0,0,0,0,0,0,0,0,0,0,0,0,0,0,1,27,15,2,1,0,0,0,0,0,0,0,1,0,13,11,0,0,0,0,13,43,39,0,0,0,0,0,0,0,1,2,0,1,6,1,0,0,0,0,0,0,0,0,0,0,0,0,0,9,0,0,0,0,0,0,0,0,0,0,0,0,0,0,0,0,0,0,0,0,0,1,21,3,0,2,0,20,0,0,0,1,0,0,0,0,1,1,0,0,0,0,0,0,0,0,0,0,0,0,0,0,0,0,0,0,0,0,0,0,0,1,0,0,0,0,0,0,0,0,0,0,0,0,0,0,0,0,0,0,0,0,0,0,0
0,0,1,9,1,0,0,0,0,1,0,0,0,0,0,0,0,0,0,0,0,0,0,0,0,0,2,0,39,89,0,0,0,25,0,0,0,0,0,0,11,0,0,1,0,0,0,0,0,0,0,0,0,0,0,0,25,15,2,0,0,0,0,0,0,0,1,0,0,20,14,0,0,0,0,22,51,46,0,0,0,0,0,0,0,1,2,0,1,3,0,0,0,0,0,0,0,0,0,0,0,0,0,0,7,0,0,0,0,0,0,0,0,0,0,0,0,0,0,0,1,0,0,1,0,0,1,28,1,0,2,0,22,0,0,0,1,0,0,0,0,2,1,0,0,0,0,0,0,0,0,0,0,0,0,0,0,0,0,0,0,0,0,0,0,0,2,0,0,0,0,0,0,0,0,0,0,0,0,0,0,0,0,0,0,0,0,0,0,0
1,0,2,0,0,0,0,9,9,0,0,0,0,3,9,0,5,0,9,15,0,0,0,0,0,0,0,0,0,0,24,0,0,0,0,0,0,5,4,0,0,0,0,0,0,1,0,0,0,3,0,9,0,0,0,0,0,0,0,0,0,11,0,0,0,0,0,0,0,0,0,0,0,0,0,0,0,0,0,0,10,1,11,0,0,0,2,0,0,0,0,1,2,0,0,0,2,0,0,0,1,0,0,0,0,0,0,1,0,0,0,0,0,0,0,9,0,0,0,0,0,0,0,0,0,0,0,0,0,0,0,0,0,0,0,6,2,0,0,0,0,0,0,1,0,0,0,0,0,1,0,0,0,1,0,0,0,0,1,0,0,0,0,0,0,0,0,0,0,0,0,0,0,0,0,0,0,0,0,0,0,0,0,0,0,0,0,0,0,0
1,0,4,0,2,8,0,3,1,0,5,6,1,4,1,0,0,0,0,1,0,0,10,3,0,2,1,0,0,0,0,17,3,1,0,0,0,0,0,0,0,0,3,0,0,1,2,0,0,0,0,0,0,0,1,0,0,1,5,0,0,0,0,0,0,0,0,0,0,0,0,0,0,0,0,0,0,0,0,0,0,0,0,0,0,10,2,0,1,0,0,0,0,0,0,0,0,0,0,0,0,0,0,0,0,0,0,0,0,0,0,0,0,0,0,0,0,0,0,0,0,0,0,0,0,1,2,0,0,0,0,0,0,0,0,0,0,0,2,0,0,0,0,1,0,0,0,0,0,0,1,0,0,0,1,0,0,0,0,0,0,0,0,0,0,0,0,0,0,1,0,0,0,0,0,0,0,0,0,0,0,0,0,0,0,0,0,0,0,0
0,0,5,0,8,6,3,3,0,0,6,2,1,4,2,0,0,0,1,0,0,0,4,0,0,11,8,0,0,0,0,3,25,0,1,0,0,1,0,0,0,0,1,0,2,1,0,0,0,0,0,0,0,0,3,0,1,1,4,2,0,0,0,0,0,0,2,0,0,0,0,0,0,1,1,0,0,0,0,0,0,0,0,0,0,8,0,0,10,1,0,0,0,0,0,1,0,1,0,0,0,0,0,0,0,0,0,0,0,0,0,0,0,0,0,0,0,0,0,1,0,0,6,1,0,0,1,1,0,1,2,0,0,0,0,1,0,0,1,0,0,0,0,0,0,0,1,0,0,0,1,0,0,0,0,0,2,0,0,0,1,0,0,0,0,0,0,0,0,0,0,0,0,0,0,0,0,0,0,0,0,0,0,0,0,0,0,0,0,0
0,0,2,2,1,0,3,0,1,0,1,0,0,0,0,0,0,0,0,0,0,0,0,2,1,1,9,1,28,25,0,1,0,53,0,0,0,0,0,0,9,0,0,1,0,0,0,1,0,0,0,0,0,0,1,1,12,14,1,1,0,0,0,0,0,1,4,1,0,6,5,0,0,0,0,0,14,17,0,0,0,0,0,0,0,1,3,0,1,11,1,0,0,0,0,0,0,0,0,0,0,0,0,1,2,0,0,0,0,0,1,0,0,0,0,0,0,0,0,1,1,0,0,1,1,0,2,12,0,0,1,0,4,0,0,0,0,0,0,0,0,1,2,0,0,0,0,0,0,0,0,0,0,0,1,0,0,0,0,0,0,0,1,0,1,0,3,0,0,0,0,0,0,0,0,0,0,0,0,0,0,0,0,0,0,0,1,0,0,0
0,0,2,0,0,5,0,0,1,0,1,2,2,1,0,0,0,0,0,0,0,0,5,6,0,1,1,0,0,0,0,0,1,0,13,0,0,0,1,0,0,0,1,0,0,2,1,0,0,0,0,0,0,0,0,0,0,0,2,0,0,1,0,3,0,0,0,1,0,0,0,0,0,0,0,0,0,0,0,0,1,0,1,0,0,3,4,0,1,1,0,0,0,0,0,0,0,2,1,0,0,0,1,0,0,0,0,0,0,0,0,1,0,0,0,0,0,0,0,4,0,0,1,0,0,1,2,1,0,1,0,0,0,0,0,1,0,0,1,0,0,1,0,0,0,0,0,0,0,0,0,0,0,0,0,0,4,0,0,0,1,0,0,0,0,0,0,0,0,0,0,0,0,0,0,0,0,0,0,0,0,0,0,0,0,1,0,0,0,0
0,0,0,0,0,0,0,0,0,0,0,0,0,0,0,0,0,1,0,0,0,0,0,0,0,0,0,0,0,0,0,0,0,0,0,1,0,0,0,0,0,0,0,0,0,0,0,0,0,0,0,0,0,0,0,0,0,0,0,0,1,0,0,0,0,0,0,0,0,0,0,0,0,0,0,0,0,0,1,0,0,0,0,0,0,0,0,0,0,0,0,0,0,0,0,0,0,0,0,0,1,0,0,0,0,0,0,0,1,0,0,0,0,0,0,0,0,0,0,0,0,0,0,0,0,0,0,0,0,0,0,0,0,0,1,0,0,0,0,0,0,0,0,0,0,0,0,0,0,0,0,0,0,0,0,0,0,0,1,0,0,0,0,0,0,0,0,0,0,0,0,0,0,0,0,0,0,0,0,0,0,0,0,0,0,0,0,0,0,0
0,0,0,0,0,0,0,0,0,0,0,0,0,0,0,0,0,30,0,0,0,0,0,0,0,0,0,0,0,0,0,0,0,0,0,0,30,0,0,0,0,0,0,0,0,0,0,0,0,0,0,0,0,0,0,0,0,0,0,0,28,1,0,0,0,0,1,0,0,0,0,0,0,0,0,0,0,0,1,29,0,0,0,0,0,0,0,0,0,0,0,0,0,0,0,0,0,0,0,0,27,1,0,0,0,0,0,21,4,0,0,0,0,3,0,0,0,0,0,0,0,0,0,0,0,0,0,0,0,0,0,0,0,2,28,0,0,0,0,0,0,0,0,0,0,0,0,0,0,0,0,0,0,0,0,0,0,0,17,10,0,0,0,0,0,0,0,0,0,0,0,0,0,0,0,0,0,0,0,0,0,0,0,0,0,0,0,0,0,0
0,0,0,0,0,0,0,10,1,0,1,0,0,1,7,0,0,0,24,3,0,0,1,0,0,0,0,0,0,0,5,0,1,0,0,0,0,29,0,0,0,0,0,0,0,1,0,0,0,1,0,0,0,0,0,0,0,0,0,0,0,1,0,0,0,0,0,0,0,0,0,1,0,0,0,0,0,0,0,0,21,3,3,0,0,0,0,0,2,0,0,1,0,0,0,0,1,0,0,0,1,1,1,0,0,0,0,1,1,0,0,0,0,0,0,3,9,0,0,0,0,0,0,1,0,0,0,0,0,0,0,0,0,0,0,23,1,0,0,0,0,0,0,11,1,1,5,0,0,2,2,7,3,6,0,0,2,0,2,0,0,0,0,0,0,0,0,6,0,0,0,0,3,0,0,2,0,0,0,0,0,0,0,0,0,0,1,0,0,0
2,1,7,0,0,4,1,4,45,0,1,0,4,6,10,0,11,2,3,107,4,1,2,6,0,0,0,0,0,0,4,0,0,0,1,0,0,0,125,0,0,0,0,0,0,0,3,0,0,1,0,1,0,1,0,0,0,0,1,0,0,85,0,2,4,0,0,0,0,0,0,6,0,0,1,0,0,0,0,0,8,2,53,42,4,3,11,0,0,0,0,6,6,0,0,0,7,0,0,0,24,5,4,2,0,0,0,19,6,4,1,3,3,0,0,21,28,5,4,1,2,5,0,0,0,0,1,0,0,0,0,0,0,0,0,5,66,1,2,0,0,0,0,0,1,0,8,0,0,3,6,2,1,0,0,0,7,0,19,10,1,0,1,2,0,0,0,2,0,0,0,0,0,0,0,0,0,0,0,0,0,0,0,0,0,0,1,0,0,0
0,0,0,0,1,0,0,0,22,0,4,0,0,0,0,0,0,0,0,0,0,23,0,0,0,0,0,0,0,0,0,0,0,0,0,0,0,0,0,23,0,0,0,0,0,0,0,0,0,0,0,0,0,0,0,0,0,0,0,0,0,22,0,0,0,0,0,0,0,0,0,3,0,0,0,0,0,0,0,0,0,0,0,0,22,0,0,1,0,0,0,3,4,0,0,0,2,0,0,0,1,0,0,0,0,0,0,0,0,0,0,0,0,0,0,6,7,0,0,0,0,0,0,0,1,0,0,0,0,0,0,0,0,0,0,0,0,12,0,0,0,0,0,0,0,0,0,0,0,0,0,0,0,0,0,0,0,0,0,1,0,0,0,0,0,0,0,0,0,0,0,0,0,0,0,0,0,0,0,0,0,0,0,0,0,0,0,0,0,0
0,0,3,3,0,0,0,0,2,1,2,0,0,0,0,0,0,0,0,0,0,0,0,1,0,0,18,0,15,11,0,0,0,9,0,0,0,0,0,0,38,0,0,0,0,0,0,0,0,0,0,0,0,0,1,0,6,2,1,0,0,0,0,0,0,0,3,2,0,1,0,0,0,0,0,2,11,10,0,0,0,0,0,0,0,0,0,0,1,16,0,0,0,0,0,2,0,0,0,0,0,0,1,0,0,0,0,0,0,0,1,0,1,0,0,0,0,0,0,0,0,0,3,5,0,0,3,9,0,0,4,0,4,0,0,0,0,0,0,0,0,2,4,0,0,0,0,2,1,0,0,0,0,0,0,0,0,0,0,0,0,0,0,1,0,0,2,0,0,0,0,1,0,0,0,0,0,0,0,0,0,0,0,0,0,0,0,0,0,0
0,0,0,0,0,1,0,1,0,0,0,0,0,0,0,0,0,0,0,1,0,0,0,0,0,0,0,0,0,0,0,0,0,0,0,0,0,0,0,0,0,1,0,0,0,0,0,0,0,0,0,0,0,0,0,0,0,0,0,0,0,0,0,0,0,0,0,0,0,0,0,1,0,0,0,0,0,0,0,0,1,0,0,0,0,0,0,0,0,0,0,0,0,0,0,0,0,0,0,0,0,0,0,0,0,0,0,0,0,0,0,0,0,0,0,0,0,0,0,1,0,0,0,0,0,0,0,0,0,0,0,0,0,0,0,0,0,0,0,0,0,0,0,0,0,0,0,0,0,0,0,0,0,0,0,0,0,0,0,0,0,0,0,0,0,0,0,0,0,0,0,0,0,0,0,0,0,0,0,0,0,0,0,0,0,0,0,0,0,0
2,0,1,0,1,4,0,4,1,1,6,4,0,1,3,0,0,0,2,0,0,0,18,1,0,5,1,0,0,0,0,3,1,0,1,0,0,0,0,0,0,0,27,1,0,3,0,0,0,2,0,0,0,0,2,0,0,0,5,0,0,0,0,1,0,0,0,0,0,0,0,0,0,1,1,0,1,1,0,0,4,0,0,0,0,15,1,0,0,0,0,0,0,0,0,0,0,0,0,0,0,0,0,0,0,0,0,0,0,0,0,0,0,0,0,0,0,0,0,3,6,0,0,2,0,2,0,0,0,3,0,0,1,0,0,3,0,0,1,0,1,0,0,1,2,0,2,0,0,0,0,1,1,1,0,0,3,0,0,0,1,0,0,0,0,0,0,0,0,3,1,1,0,0,0,0,0,0,0,0,0,0,0,0,0,0,0,0,0,0
0,0,2,0,3,1,1,2,2,1,2,2,0,1,1,0,0,0,1,0,0,0,5,0,0,10,0,0,0,1,0,0,0,1,0,0,0,0,0,0,0,0,1,17,0,5,0,0,0,0,0,0,0,0,3,0,0,0,6,0,0,0,0,0,0,0,0,0,0,0,0,0,0,0,0,0,0,0,0,0,1,0,0,0,0,8,0,0,3,0,0,0,0,0,0,0,0,0,0,0,0,0,0,0,0,0,0,0,0,0,0,0,0,0,0,0,0,0,0,1,1,0,0,3,0,2,0,0,0,0,0,0,0,0,0,0,0,0,1,0,0,0,0,0,0,0,0,0,1,0,1,0,0,1,1,0,1,0,0,0,0,0,0,0,0,0,0,0,0,1,1,0,1,0,0,0,0,0,1,0,0,0,0,0,0,0,0,0,0,0
0,0,7,1,6,2,1,1,12,9,6,0,3,1,0,0,0,0,2,5,0,0,4,39,4,0,4,1,0,0,0,0,2,0,0,0,0,0,0,0,0,0,0,0,59,0,8,3,0,0,0,1,1,0,1,0,0,0,5,2,1,1,0,20,3,2,0,0,1,0,0,0,2,0,0,0,0,0,0,0,1,1,5,0,0,4,33,4,1,8,1,1,1,2,0,2,0,2,0,0,2,0,0,2,0,0,0,2,0,0,1,0,0,0,0,1,1,0,0,9,13,2,0,3,4,1,19,2,1,0,10,1,0,0,0,2,4,0,1,0,0,8,0,0,0,1,2,0,0,0,0,0,0,0,1,0,1,0,1,1,0,0,0,0,0,0,0,0,0,1,0,0,0,0,0,1,0,0,0,0,0,0,0,0,0,0,0,0,0,0
1,0,2,0,3,1,0,8,2,0,7,3,0,0,1,0,0,0,5,0,0,0,13,4,0,10,1,1,0,0,1,1,1,0,2,0,0,1,0,0,0,0,3,5,0,34,0,0,0,0,0,0,0,0,3,0,0,0,6,0,0,1,0,1,0,0,2,0,1,0,0,1,0,0,0,0,1,1,0,0,4,0,1,0,0,18,0,0,5,0,0,0,0,0,0,1,0,0,0,0,0,0,2,0,0,0,0,0,0,0,0,3,2,0,0,1,2,0,0,0,1,0,2,5,0,2,1,0,1,2,0,0,0,0,0,2,0,0,0,0,1,0,0,2,1,0,0,0,0,0,1,1,0,3,4,1,0,0,0,0,0,0,0,0,0,0,0,0,0,0,1,0,1,0,0,0,0,0,0,1,0,0,0,0,0,0,0,0,0,0
1,0,14,2,2,5,0,3,15,6,11,3,3,1,0,1,0,0,2,7,0,0,3,100,1,0,9,0,0,0,0,2,0,0,1,0,0,0,3,0,0,0,0,0,8,0,121,0,0,0,0,0,0,0,1,0,0,0,10,0,0,4,0,55,8,0,1,1,0,0,0,1,7,0,0,0,0,1,0,0,4,0,13,0,0,19,67,1,0,9,0,0,1,3,10,0,0,3,1,0,2,0,10,10,0,0,0,1,1,0,9,10,12,0,0,1,0,0,0,21,13,1,2,0,1,3,54,1,0,1,19,0,0,0,0,1,4,0,1,0,0,9,0,0,0,0,3,0,0,2,0,0,0,1,1,0,2,0,1,1,0,0,5,5,2,0,0,0,0,0,0,0,0,0,0,0,0,0,0,1,0,0,0,0,0,3,3,0,0,0
0,0,9,2,2,0,0,0,2,14,2,1,4,0,0,0,0,0,0,0,0,1,0,2,34,0,0,4,0,0,0,0,0,1,0,0,0,0,0,0,0,0,0,0,3,0,0,41,0,0,0,0,0,0,0,0,0,0,1,0,0,2,1,9,1,19,0,0,3,0,0,0,4,1,1,0,0,2,0,0,0,0,0,0,3,0,2,30,0,2,2,1,0,1,8,0,0,1,0,0,0,0,0,2,0,0,0,0,0,0,1,0,0,0,0,0,0,0,0,7,3,0,1,1,31,0,0,0,2,0,0,0,0,0,0,0,0,1,0,4,0,1,0,0,0,0,0,0,0,0,1,0,0,0,0,0,0,0,0,0,0,0,0,0,0,0,0,0,0,0,0,0,0,0,0,0,0,0,0,0,0,0,0,0,0,0,0,0,0,0
0,0,0,0,0,0,0,0,0,0,0,0,0,0,0,0,0,1,0,0,0,0,0,0,0,0,0,0,0,0,0,0,0,0,0,0,0,0,0,0,0,0,0,0,0,0,0,0,1,0,0,0,0,0,0,0,0,0,0,0,1,0,0,0,0,0,0,0,0,0,0,0,0,0,0,0,0,0,0,1,0,0,0,0,0,0,0,0,0,0,0,0,0,0,0,0,0,0,0,1,0,0,0,0,0,1,0,0,0,0,0,0,0,0,0,0,0,0,0,0,0,0,0,0,0,0,0,0,0,0,0,0,0,0,1,0,0,0,0,0,0,0,0,0,0,0,0,0,0,0,0,0,0,0,0,0,0,1,0,0,0,0,0,0,0,0,0,0,0,0,0,0,0,0,0,0,0,0,0,0,0,0,0,0,0,0,0,0,0,0
3,0,0,0,0,1,0,6,2,0,2,0,0,2,6,0,2,0,15,5,0,0,3,0,0,0,0,0,0,0,3,0,0,0,0,0,0,1,1,0,0,0,2,0,0,0,0,0,0,23,0,0,0,0,0,0,0,0,1,0,0,1,0,0,0,0,0,0,0,0,0,0,0,0,0,0,0,0,1,0,13,0,4,0,0,4,0,0,0,0,0,0,0,0,0,0,0,0,0,0,0,0,0,0,0,0,0,0,0,0,0,0,0,0,0,4,12,0,0,0,0,0,0,2,0,1,0,0,0,0,0,0,0,0,0,13,3,0,1,0,0,0,0,2,0,0,7,0,0,2,0,2,0,2,0,0,2,0,0,0,1,0,0,0,0,0,0,2,0,0,0,1,1,0,0,1,0,0,0,0,0,0,0,0,0,0,0,0,0,0
0,0,0,0,0,0,0,0,0,0,0,0,0,0,0,0,0,0,0,1,0,0,0,0,0,0,0,0,0,0,0,0,0,0,0,0,0,0,0,0,0,0,0,0,0,0,0,0,0,0,1,0,0,0,0,0,0,0,0,0,0,1,0,0,0,0,0,0,0,0,0,0,0,0,0,0,0,0,0,0,0,0,0,1,0,0,0,0,0,0,0,0,0,0,0,0,0,0,0,0,1,0,0,0,0,0,0,0,1,0,0,0,0,0,0,0,0,0,0,0,0,0,0,0,0,0,0,0,0,0,0,0,0,0,0,0,1,0,0,0,0,0,0,0,0,0,0,0,0,0,0,0,0,0,0,0,0,0,1,0,0,0,0,0,0,0,0,0,0,0,0,0,0,0,0,0,0,0,0,0,0,0,0,0,0,0,0,0,0,0
5,0,7,0,1,0,0,5,37,0,0,1,3,3,10,0,17,0,1,78,1,1,0,1,0,0,0,0,0,0,9,0,0,0,0,0,0,0,1,0,0,0,0,0,1,0,0,0,0,0,0,82,0,0,0,0,0,0,0,0,0,61,0,0,0,0,2,0,0,0,0,8,0,0,0,0,0,0,0,1,7,1,69,0,0,0,4,0,0,0,0,8,5,0,0,1,4,0,0,0,4,0,0,0,0,0,0,2,2,0,0,0,0,0,0,21,32,1,0,0,0,0,0,0,0,0,1,0,0,0,1,0,0,0,1,5,45,0,0,0,0,0,0,0,0,0,3,0,0,3,7,2,5,1,0,0,2,0,4,0,0,0,0,0,0,0,0,1,0,0,0,0,0,0,0,0,0,0,0,0,0,0,0,0,0,0,0,0,0,0
0,0,0,0,0,0,0,1,1,0,0,0,0,0,0,0,0,0,0,25,2,0,0,0,0,0,0,0,0,0,0,0,0,0,0,0,0,0,0,0,0,0,0,0,1,0,0,0,0,0,0,0,27,0,0,0,0,0,0,0,0,22,0,0,0,0,0,0,0,0,0,0,0,0,0,0,0,0,0,0,0,3,0,22,0,0,2,0,0,0,0,0,0,0,0,0,0,0,0,0,13,11,0,0,0,0,0,19,4,0,0,0,0,1,0,0,0,2,0,0,0,0,0,0,0,0,0,0,0,0,0,0,0,0,0,2,22,0,0,0,0,0,0,0,0,0,0,0,0,1,0,0,0,0,0,0,0,0,20,4,0,0,0,0,0,0,0,0,0,0,0,0,0,0,0,0,1,0,0,0,0,0,0,0,0,0,0,0,0,0
0,0,0,0,0,0,0,0,9,0,0,0,0,0,1,0,1,0,0,0,0,12,0,0,0,0,0,0,0,0,0,0,0,0,0,0,0,0,1,0,0,0,0,0,0,0,0,0,0,0,0,0,0,12,0,0,0,0,0,0,0,11,0,0,0,0,0,0,0,0,0,3,0,0,0,0,0,0,0,0,0,0,2,0,6,0,0,4,0,0,0,0,3,0,0,0,1,0,0,0,1,2,0,0,0,0,0,2,0,0,0,0,0,0,0,3,5,0,0,0,0,0,0,0,0,0,0,0,0,0,0,0,0,0,0,0,0,7,0,0,0,0,0,0,0,0,0,0,0,0,0,0,0,0,0,0,1,0,2,0,0,0,0,0,0,0,0,0,0,0,0,0,0,0,0,0,0,0,0,0,0,0,0,0,0,0,0,0,0,0
3,0,2,1,6,3,2,3,2,1,8,5,2,2,1,0,0,0,0,0,0,0,2,9,0,9,9,0,0,0,0,2,3,1,0,0,0,0,0,0,1,0,2,3,1,4,1,0,0,0,0,0,0,0,29,0,1,0,4,1,0,1,0,3,2,0,4,1,0,0,0,0,0,0,0,0,0,0,0,0,0,0,0,0,0,7,7,0,4,5,0,0,0,0,0,0,0,1,0,0,0,0,1,0,0,0,0,0,0,0,0,0,0,0,0,0,0,0,0,1,1,0,3,1,0,0,2,1,0,0,5,0,0,0,0,2,0,0,2,0,0,1,1,0,0,1,0,0,0,0,2,0,1,0,0,0,3,0,0,0,0,0,0,0,0,0,0,0,0,0,0,0,0,0,0,0,0,0,0,0,0,0,0,0,0,1,0,0,0,0
0,0,0,0,0,0,0,0,0,0,0,0,0,0,0,0,0,0,0,0,0,0,0,0,0,0,0,0,1,0,0,0,0,1,0,0,0,0,0,0,0,0,0,0,0,0,0,0,0,0,0,0,0,0,0,1,0,1,0,0,0,0,0,0,0,0,0,0,0,0,0,0,0,0,0,0,0,0,0,0,0,0,0,0,0,0,0,0,0,0,0,0,0,0,0,0,0,0,0,0,0,0,0,0,0,0,0,0,0,0,0,0,0,0,0,0,0,0,0,0,0,0,0,0,0,0,0,0,0,0,0,0,0,0,0,0,0,0,0,0,0,0,0,0,0,0,0,0,0,0,0,0,0,0,0,0,0,0,0,0,0,0,0,0,0,0,0,0,0,0,0,0,0,0,0,0,0,0,0,0,0,0,0,0,0,0,0,0,0,0
0,0,2,3,4,1,1,0,2,1,2,0,2,0,0,0,0,0,0,0,0,0,0,0,1,0,22,5,27,25,0,0,1,12,0,0,0,0,0,0,6,0,0,0,0,0,0,0,0,0,0,0,0,0,1,0,64,10,0,4,0,1,0,0,0,1,3,4,3,10,5,0,1,0,0,1,12,10,0,0,0,0,0,0,0,2,3,1,1,17,4,0,0,0,0,2,0,0,1,0,0,1,2,2,4,0,0,1,0,0,1,0,1,0,0,0,0,0,0,0,0,0,3,2,1,0,1,18,6,1,6,2,6,0,0,0,1,0,0,0,1,0,0,0,0,0,0,0,0,0,1,0,0,0,0,0,0,0,0,0,0,1,0,2,0,0,2,0,0,0,0,0,0,0,0,0,0,0,0,0,0,0,0,0,0,0,0,0,0,0
0,0,1,1,0,0,0,0,0,0,1,0,0,0,0,0,0,0,0,0,0,0,0,1,0,1,6,1,17,17,0,1,1,15,0,0,0,0,0,0,2,0,0,0,0,0,0,0,0,0,0,0,0,0,0,1,11,28,1,1,0,0,0,0,0,0,2,0,1,5,2,0,1,1,0,1,6,6,0,0,0,0,0,0,0,0,1,0,2,1,1,0,0,0,0,1,0,0,0,0,0,1,0,0,0,0,0,1,0,0,0,0,0,0,0,0,0,0,0,0,0,0,0,0,0,0,1,2,1,0,0,1,0,0,0,0,0,0,1,0,0,0,0,0,0,0,0,0,0,0,0,0,0,0,0,0,1,0,0,0,0,1,0,0,1,0,1,0,0,0,0,0,0,0,0,0,0,0,0,0,0,0,0,0,0,0,0,0,0,0
5,0,5,1,7,7,1,4,3,0,21,6,1,4,4,0,0,0,0,2,0,0,20,35,0,10,11,1,2,2,0,5,4,1,2,0,0,0,1,0,1,0,5,6,5,6,10,1,0,1,0,0,0,0,4,0,0,1,82,3,0,0,0,15,3,0,6,0,0,0,0,0,0,1,1,1,1,2,0,0,4,0,6,0,0,26,20,0,5,5,0,0,0,1,3,3,0,2,0,0,2,0,4,0,2,0,0,0,2,0,2,1,2,0,0,0,0,0,0,18,6,0,3,2,0,6,13,1,0,4,4,0,1,0,0,4,1,0,5,0,0,2,0,1,0,1,3,0,0,0,1,0,0,2,1,1,6,0,2,0,1,0,0,2,1,0,1,1,0,0,0,1,0,0,0,0,0,0,0,1,0,0,0,0,0,0,0,0,0,0
0,0,2,2,5,0,1,1,3,1,2,1,1,0,1,0,0,0,0,0,0,0,0,4,0,2,23,4,1,0,0,0,2,1,0,0,0,0,0,0,0,0,0,0,2,0,0,0,0,0,0,0,0,0,1,0,4,1,3,34,0,0,0,3,0,0,8,2,4,0,0,0,1,3,5,0,0,0,0,0,0,0,0,0,0,3,5,0,5,11,5,0,0,0,0,5,0,0,0,0,1,0,1,0,1,0,0,1,0,0,0,1,0,0,0,0,0,0,0,1,0,0,4,1,0,0,5,4,5,0,4,2,1,0,0,0,0,0,0,0,0,2,1,0,2,0,0,0,0,0,1,0,0,0,3,0,0,0,0,1,0,0,0,0,2,1,1,0,0,0,0,0,0,0,0,0,0,0,0,0,0,0,0,0,0,0,0,0,0,0
0,0,0,0,0,0,0,0,1,0,0,0,0,0,0,0,0,35,0,1,0,0,0,0,0,0,0,0,0,0,0,0,0,0,0,1,28,0,0,0,0,0,0,0,1,0,0,0,1,0,0,0,0,0,0,0,0,0,0,0,36,0,0,0,0,0,0,0,0,0,0,0,0,0,0,0,0,0,2,28,0,0,1,5,0,0,0,0,0,0,0,1,0,0,0,0,0,0,0,1,26,1,0,0,0,1,5,20,4,0,0,0,0,3,5,0,0,0,0,0,0,0,0,0,0,0,1,0,0,0,0,0,0,2,28,0,0,0,0,0,0,0,0,0,0,0,0,0,0,0,0,0,0,0,0,0,0,1,17,9,0,0,0,0,0,0,0,0,0,0,0,0,0,0,0,0,0,0,0,0,0,0,0,0,0,0,0,0,0,0
3,0,10,0,1,2,1,6,81,0,5,2,4,4,14,0,24,4,2,162,5,34,2,3,2,1,1,0,0,0,11,0,0,0,1,0,1,1,85,22,0,0,0,0,1,1,4,2,0,1,1,61,22,11,1,0,1,0,0,0,0,216,0,0,0,0,0,0,0,0,0,14,0,0,1,0,0,0,0,2,7,3,92,58,30,3,14,6,0,0,0,16,18,0,1,1,13,0,0,0,39,16,2,2,0,0,1,37,12,0,1,3,2,1,1,49,46,5,0,1,2,3,1,0,3,0,0,0,0,0,2,0,0,0,2,5,106,18,2,1,0,0,0,0,0,0,5,0,0,3,7,3,2,1,0,0,5,0,40,14,0,0,0,1,0,0,0,0,0,0,0,0,0,0,0,0,0,0,0,0,0,0,0,0,0,0,1,0,0,0
0,0,0,0,0,0,0,0,0,0,0,0,0,0,0,0,0,0,0,0,0,0,0,0,2,0,0,0,0,0,0,0,0,0,0,0,0,0,0,0,0,0,0,0,0,0,0,1,0,0,0,0,0,0,0,0,0,0,0,0,0,0,2,0,0,0,0,0,0,0,0,0,0,0,0,0,0,0,0,0,0,0,0,0,1,0,0,1,0,0,0,0,0,1,0,0,0,0,0,0,0,0,0,0,0,0,0,0,0,0,0,0,0,0,0,0,0,0,0,0,1,0,0,0,2,0,0,0,0,0,0,0,0,0,0,0,0,0,0,1,0,0,0,0,0,0,0,0,0,0,0,0,0,0,0,0,0,0,0,0,0,0,0,0,0,0,0,0,0,0,0,0,0,0,0,0,0,0,0,0,0,0,0,0,0,0,0,0,0,0
0,1,11,1,2,10,0,0,16,12,11,3,6,2,3,0,0,0,0,0,0,1,0,107,9,0,1,0,0,0,0,0,0,0,3,0,0,0,2,0,0,0,1,0,20,1,55,9,0,0,0,0,0,0,3,0,0,0,15,3,0,0,0,118,0,0,0,0,0,0,0,2,10,0,0,0,0,1,0,0,3,0,6,0,1,7,77,9,0,10,0,1,0,2,15,0,0,6,0,0,3,0,5,11,0,0,0,1,2,0,7,7,9,0,0,0,1,1,0,33,10,1,1,1,8,2,45,1,0,0,16,0,0,0,0,0,3,1,2,1,0,10,0,0,0,0,2,0,0,1,1,0,0,0,0,0,2,0,2,1,1,0,1,2,1,0,0,0,0,0,0,0,0,0,0,0,0,0,0,0,0,0,0,0,0,2,1,0,0,0
0,0,2,0,0,1,0,0,6,1,3,0,0,0,0,0,0,0,0,4,0,0,0,13,2,0,0,0,0,0,0,0,0,0,0,0,0,0,4,0,0,0,0,0,3,0,8,1,0,0,0,0,0,0,2,0,0,0,3,0,0,0,0,0,19,0,0,0,0,0,0,0,3,0,0,0,0,0,0,0,0,0,3,0,0,0,14,1,0,1,0,0,0,0,1,0,0,1,0,0,0,0,0,1,0,0,0,0,0,4,0,0,1,0,0,0,0,0,4,6,3,0,0,0,2,0,7,0,0,0,2,0,0,0,0,0,0,0,0,0,0,1,0,0,0,0,0,0,0,0,0,0,0,0,0,0,0,0,0,0,0,0,0,1,0,0,0,0,0,0,0,0,0,0,0,0,0,0,0,0,0,0,0,0,0,0,0,0,0,0
0,0,5,2,0,0,0,0,0,10,0,1,3,0,0,0,0,0,0,0,0,0,0,0,23,0,0,0,0,0,0,0,0,1,0,0,0,0,0,0,0,0,0,0,2,0,0,19,0,0,0,0,0,0,0,0,1,0,0,0,0,0,0,0,0,23,0,0,0,0,0,0,3,0,1,0,0,0,0,0,0,0,0,0,0,0,0,21,0,0,2,0,0,0,6,0,0,0,0,0,0,0,0,0,0,0,0,0,0,0,0,0,0,0,0,0,0,0,0,5,1,0,0,0,20,0,0,0,0,0,0,1,0,0,0,0,0,0,0,2,0,0,0,0,0,0,1,0,0,0,1,0,0,0,0,0,0,0,0,0,0,0,0,0,0,0,0,0,0,0,0,0,0,0,0,0,0,0,0,0,0,0,0,0,0,0,0,0,0,0
0,0,3,4,3,0,5,0,1,1,5,0,3,0,1,0,0,1,0,0,1,0,0,1,0,1,43,1,0,1,0,0,2,4,0,0,1,0,0,0,3,0,0,0,0,2,1,0,0,0,0,2,0,0,4,0,3,2,6,8,0,0,0,0,0,0,50,0,0,0,0,1,0,0,1,0,1,4,0,1,0,0,1,0,0,2,1,0,6,29,1,0,0,0,0,2,0,0,0,0,2,1,0,1,1,0,0,2,1,0,2,0,0,0,0,0,0,1,0,1,0,0,11,2,0,0,3,11,1,0,12,0,6,0,1,0,0,0,3,0,0,3,7,0,0,0,0,0,0,0,1,0,0,0,1,0,1,0,1,1,1,1,0,0,0,0,0,0,0,0,0,0,0,0,0,0,0,0,0,0,0,0,0,0,0,0,1,0,0,0
0,0,2,7,1,0,1,0,3,2,3,0,0,0,0,0,0,0,0,0,0,0,0,2,1,0,24,1,1,0,0,1,0,2,1,0,0,0,0,0,2,0,0,0,0,0,1,0,0,0,0,0,0,0,1,0,4,1,0,2,0,0,0,0,0,0,0,27,0,0,0,0,1,2,2,0,4,8,0,0,0,0,0,0,0,0,2,0,0,14,2,0,0,0,0,4,0,0,1,0,0,0,0,0,0,0,0,0,0,0,0,0,0,0,0,0,0,0,0,0,1,0,4,2,1,0,4,10,1,0,9,1,0,0,0,0,0,0,0,1,0,2,1,0,0,0,0,0,1,0,0,0,0,0,0,0,0,0,0,0,0,0,0,0,0,0,0,0,0,0,0,0,0,0,0,0,0,0,0,0,0,0,0,0,0,1,0,0,0,0
0,0,2,0,1,0,0,0,1,0,0,0,4,0,0,0,0,0,0,0,0,0,0,0,0,0,0,18,0,0,0,0,0,0,0,0,0,0,0,0,0,0,0,0,1,1,0,3,0,0,0,0,0,0,0,0,3,1,0,4,0,0,0,0,0,0,0,0,18,0,0,0,0,2,0,0,4,7,0,0,0,0,0,0,0,0,0,0,0,1,10,0,0,0,0,3,0,0,0,0,0,0,0,0,2,0,0,0,0,0,0,0,0,0,0,0,0,0,0,0,0,0,2,2,0,0,0,0,17,0,0,7,0,0,0,0,0,0,0,0,0,0,0,0,0,0,0,0,0,0,0,0,0,0,0,0,0,0,0,0,0,0,0,0,0,0,0,0,0,0,0,0,0,0,0,0,0,0,0,0,0,0,0,0,0,0,0,0,0,0
0,0,0,3,0,0,0,0,0,0,0,0,1,0,0,0,0,0,0,0,0,0,0,0,0,0,2,0,14,21,0,0,0,7,0,0,0,0,0,0,1,0,0,0,0,0,0,0,0,0,0,0,0,0,0,0,11,6,0,0,0,0,0,0,0,0,0,0,0,25,0,0,0,0,0,5,13,8,0,0,0,0,0,0,0,0,0,0,1,4,0,0,0,0,0,1,0,0,0,0,0,0,0,0,1,0,0,0,0,0,0,0,0,0,0,0,0,0,0,0,0,0,0,0,0,0,0,9,0,0,1,0,4,0,0,0,0,0,0,0,0,0,1,0,0,0,0,0,0,0,0,0,0,0,0,0,0,0,0,0,0,0,0,0,0,0,0,0,0,0,0,0,0,0,0,0,0,0,0,0,0,0,0,0,0,0,0,0,0,0
0,0,0,2,0,0,0,0,0,2,0,0,0,0,0,0,0,0,0,0,0,0,0,0,0,0,2,0,12,15,0,0,0,6,0,0,0,0,0,0,0,0,0,0,0,0,0,0,0,0,0,0,0,0,0,0,5,3,0,0,0,0,0,0,0,0,0,0,0,0,24,0,0,0,0,9,12,11,0,0,0,0,0,0,0,0,0,0,0,2,0,0,0,0,0,0,0,0,0,0,0,0,0,0,4,0,0,0,0,0,0,0,0,0,0,0,0,0,0,0,0,2,0,0,0,0,0,4,1,0,0,0,6,0,0,0,0,0,0,0,0,0,0,0,0,0,0,0,0,0,0,0,0,0,0,0,0,0,0,0,0,0,0,0,0,0,0,0,0,0,0,0,0,0,0,0,0,0,0,0,0,0,0,0,0,0,0,0,0,0
1,0,4,0,0,1,1,1,10,0,0,0,0,2,2,0,2,0,3,12,1,6,0,4,0,0,0,0,0,0,0,0,0,0,0,0,0,1,6,3,0,1,0,0,0,1,1,0,0,0,0,8,0,3,0,0,0,0,0,0,0,14,0,2,0,0,1,0,0,0,0,26,0,0,0,0,0,0,0,0,3,0,12,1,5,0,3,1,0,0,0,3,1,0,0,1,0,0,0,0,0,1,0,0,0,0,0,0,0,0,1,1,0,0,0,2,8,1,0,1,0,0,0,0,0,0,3,0,0,0,1,0,0,0,0,1,6,3,0,0,0,0,0,1,0,0,1,0,0,0,0,1,0,1,0,0,0,0,1,0,0,0,0,1,0,0,0,0,0,0,0,0,0,0,0,0,0,0,0,0,0,0,0,0,0,0,0,0,0,0
0,0,3,0,0,1,0,0,1,1,2,0,3,0,1,0,0,0,0,2,0,0,0,11,5,0,2,0,0,0,0,0,0,0,0,0,0,0,0,0,0,0,0,0,2,0,7,4,0,0,0,0,0,0,0,0,1,1,0,1,0,0,0,10,3,3,0,1,0,0,0,0,20,0,0,0,0,0,0,0,0,0,1,0,0,0,9,5,0,4,0,0,0,0,7,0,0,0,0,0,0,0,0,0,0,0,0,0,0,0,0,0,0,0,0,0,0,0,0,6,1,0,0,0,3,0,7,1,0,0,1,0,0,0,0,0,0,0,1,0,0,3,0,0,0,0,0,0,0,0,0,0,0,0,0,0,1,0,0,0,0,0,0,0,0,0,0,0,0,0,0,0,0,0,0,0,0,0,0,0,0,0,0,0,0,0,0,0,0,0
0,0,1,1,1,0,2,0,1,0,2,0,0,0,0,0,0,0,0,0,0,0,0,1,0,3,5,2,0,0,0,0,1,0,0,0,0,0,0,0,0,0,1,0,0,0,0,1,0,0,0,0,0,0,0,0,0,1,1,3,0,0,0,0,0,0,0,2,2,0,0,0,0,11,8,0,1,2,0,0,0,0,0,0,0,2,1,0,3,0,1,0,0,0,0,0,0,0,0,0,0,0,0,0,0,0,0,0,0,0,0,0,0,0,0,0,0,0,0,0,0,0,2,0,0,0,2,0,2,0,1,1,0,0,0,0,0,0,0,0,1,0,0,0,0,0,0,0,1,0,0,0,0,0,0,0,0,0,0,0,0,0,0,0,0,0,0,0,0,0,0,0,0,0,1,0,0,0,0,0,0,0,0,0,0,0,0,0,0,0
0,0,1,1,1,0,2,0,2,0,3,0,0,0,0,0,0,0,0,1,0,0,0,1,1,2,8,0,0,0,0,0,1,0,0,0,0,0,1,0,0,0,1,0,0,0,0,1,0,0,0,0,0,0,0,0,0,0,1,5,0,1,0,0,0,1,1,2,0,0,0,0,0,8,13,0,1,2,0,0,0,0,0,1,0,2,1,1,2,2,0,0,0,0,1,0,0,0,0,0,0,0,0,0,0,0,0,0,0,0,0,0,0,0,0,0,0,1,0,0,0,0,2,0,1,0,2,1,0,0,1,0,0,0,0,0,0,0,0,0,0,0,0,0,1,0,0,0,0,0,0,0,0,0,0,0,0,0,0,0,0,0,0,0,0,0,0,0,0,0,0,0,0,0,0,0,0,0,0,0,0,0,0,0,0,0,0,0,0,0
0,0,0,7,1,0,0,0,0,3,0,0,1,0,0,0,0,0,0,0,0,0,0,0,0,0,2,1,14,23,0,0,0,0,0,0,0,0,0,0,2,0,0,0,0,0,0,0,0,0,0,0,0,0,0,0,2,1,1,0,0,0,0,0,0,0,0,0,0,5,10,0,0,0,0,37,31,25,0,0,0,0,0,0,0,0,0,0,0,0,0,0,0,0,0,0,0,0,0,0,0,0,0,0,4,0,0,0,0,0,0,0,0,0,0,0,0,0,0,0,0,0,0,0,0,0,0,8,3,0,0,1,19,0,0,0,0,0,0,0,0,0,2,0,0,0,0,0,0,0,0,0,0,0,0,0,0,0,0,0,0,0,0,0,0,0,0,0,0,0,0,0,0,0,0,0,0,0,0,1,0,0,0,0,0,0,0,0,0,0
0,0,1,12,3,0,0,0,2,2,0,0,4,0,0,0,0,0,0,0,0,0,0,0,0,1,8,6,43,52,0,0,0,14,0,0,0,0,0,0,11,0,1,0,0,1,0,0,0,0,0,0,0,0,0,0,12,6,1,0,0,0,0,0,0,0,1,4,4,13,13,0,0,1,1,32,95,74,0,0,0,0,0,0,0,0,0,0,0,1,0,0,0,0,0,2,0,0,0,0,0,0,0,0,8,0,0,0,0,0,0,0,0,0,0,0,0,0,0,0,0,0,0,1,0,0,1,28,8,0,4,1,36,0,0,0,0,0,0,0,0,1,4,0,0,0,0,0,0,0,0,0,0,0,0,0,1,0,0,0,0,0,0,0,0,0,0,0,0,0,0,0,0,0,0,0,0,0,0,0,0,0,0,0,0,1,0,0,0,0
0,0,2,12,3,0,0,0,3,2,0,0,3,0,0,0,0,0,0,0,0,0,0,0,1,1,16,9,48,56,0,0,0,21,0,0,0,0,0,0,11,0,1,0,0,1,1,2,0,0,0,0,0,0,0,0,16,10,2,0,0,0,0,1,0,0,4,8,7,12,14,0,0,2,2,27,86,100,0,0,0,0,0,0,0,0,0,0,0,0,0,0,0,0,0,3,0,1,0,0,0,0,0,0,9,0,0,0,0,0,0,0,0,0,0,0,0,0,0,0,0,0,2,1,1,0,1,33,11,0,8,2,33,0,0,0,0,0,0,0,0,2,5,0,0,0,0,0,0,0,0,0,0,0,0,0,1,0,0,0,0,0,0,0,0,0,1,0,0,0,0,0,0,0,0,0,0,0,0,0,0,0,0,0,0,1,0,0,0,0
0,0,0,0,0,0,0,0,0,0,0,0,0,0,0,0,0,2,1,0,0,0,0,0,0,0,0,0,0,0,0,0,0,0,0,1,1,0,0,0,0,0,0,0,0,0,0,0,0,1,0,0,0,0,0,0,0,0,0,0,2,0,0,0,0,0,0,0,0,0,0,0,0,0,0,0,0,0,3,0,0,0,0,0,0,0,0,0,0,0,0,0,0,0,0,0,0,0,0,0,2,0,0,0,0,0,0,1,1,0,0,0,0,0,0,0,1,0,0,0,0,0,0,0,0,0,0,0,0,0,0,0,0,1,1,1,0,0,0,0,0,0,0,0,0,0,1,0,0,0,0,0,0,0,0,0,0,0,1,1,0,0,0,0,0,0,0,0,0,0,0,0,0,0,0,0,0,0,0,0,0,0,0,0,0,0,0,0,0,0
0,0,0,0,0,0,0,0,0,0,0,0,0,0,0,0,0,30,0,1,0,0,0,0,0,0,0,0,0,0,0,0,0,0,0,0,29,0,0,0,0,0,0,0,0,0,0,0,1,0,0,1,0,0,0,0,0,0,0,0,28,2,0,0,0,0,1,0,0,0,0,0,0,0,0,0,0,0,0,31,0,0,0,0,0,0,0,0,0,0,0,0,0,0,0,0,0,0,0,1,27,1,0,0,0,1,0,20,5,0,0,0,0,3,0,0,0,0,0,0,0,0,0,0,0,0,0,0,0,0,0,0,0,1,30,0,0,0,0,0,0,0,0,0,0,0,0,0,0,0,0,0,0,0,0,0,0,1,18,9,0,0,0,0,0,0,0,0,0,0,0,0,0,0,0,0,0,0,0,0,0,0,0,0,0,0,0,0,0,0
5,1,1,0,2,2,0,24,4,0,6,2,5,3,14,1,4,0,36,16,0,0,9,8,0,2,0,0,0,0,10,1,1,0,1,0,0,21,8,0,0,1,4,1,1,4,4,0,0,13,0,7,0,0,0,0,0,0,5,0,0,7,0,3,0,0,0,0,0,0,0,3,0,0,0,0,0,0,0,0,70,0,0,0,0,0,0,0,0,0,0,4,0,0,0,0,1,1,0,0,1,0,0,0,0,0,0,1,0,0,0,1,0,0,0,12,22,0,0,4,6,0,0,2,0,3,2,0,0,0,0,0,0,0,0,34,2,0,1,0,3,0,0,14,1,0,11,0,0,5,0,9,2,10,1,0,7,0,1,0,1,0,1,0,0,0,0,9,0,1,1,0,3,0,0,3,0,1,0,0,0,0,0,0,0,0,0,0,0,0
0,0,0,0,0,0,0,2,0,0,0,0,0,0,0,0,0,0,2,7,0,0,0,1,0,0,0,0,0,0,1,0,0,0,0,0,0,3,2,0,0,0,0,0,1,0,0,0,0,0,0,1,3,0,0,0,0,0,0,0,0,3,0,0,0,0,0,0,0,0,0,0,0,0,0,0,0,0,0,0,0,10,0,0,0,0,0,0,0,0,0,0,0,0,0,0,0,0,0,0,7,1,2,0,0,0,0,5,3,0,0,1,1,0,0,1,0,0,0,0,0,0,0,0,0,0,0,0,0,0,0,0,0,0,0,5,4,0,0,0,0,0,0,0,0,0,0,0,0,0,0,0,0,0,0,0,0,0,7,1,0,0,0,0,0,0,0,0,0,0,0,0,0,0,0,0,0,0,0,0,0,0,0,0,0,0,1,0,0,0
5,0,15,0,3,0,0,6,70,0,5,2,2,6,14,0,25,0,5,125,1,3,1,17,0,0,0,0,0,0,11,0,0,0,1,0,0,3,53,0,0,0,0,0,5,1,13,0,0,4,0,69,0,2,0,0,0,0,6,0,1,92,0,6,3,0,1,0,0,0,0,12,1,0,0,0,0,0,0,0,0,0,152,0,0,0,0,0,0,0,0,11,10,1,1,1,8,0,0,0,4,1,1,1,0,0,0,3,2,3,2,0,1,0,0,34,52,1,3,4,7,1,0,0,0,0,5,0,0,0,4,0,0,0,0,7,78,2,2,0,0,1,0,1,2,0,14,0,0,7,14,4,7,2,0,0,5,0,3,1,1,0,0,1,0,0,0,1,0,0,0,0,0,1,0,0,0,0,0,0,0,0,0,0,0,0,1,0,0,0
0,0,1,0,0,1,1,1,4,0,0,0,0,0,3,0,0,9,1,57,6,0,0,0,0,0,0,0,0,0,0,0,0,0,0,0,0,0,42,0,0,0,0,0,0,0,0,0,0,0,1,0,22,0,0,0,0,0,0,0,5,58,0,0,0,0,0,0,0,0,0,1,0,0,1,0,0,0,0,0,0,0,0,73,0,0,0,0,0,0,0,0,0,0,0,0,0,0,0,0,32,14,3,1,0,0,6,32,9,0,1,3,3,1,6,1,0,7,0,0,0,4,0,0,0,0,0,0,0,0,0,0,0,0,0,1,51,0,0,0,0,0,0,0,0,0,0,0,0,1,0,0,0,0,0,0,0,0,34,12,0,0,1,1,0,0,0,0,0,0,0,0,0,0,0,0,1,0,0,0,0,0,0,0,0,0,1,0,0,0
0,0,0,0,1,0,0,0,29,0,5,0,0,0,1,0,0,0,0,3,0,29,0,0,2,0,0,0,0,0,0,0,0,0,0,0,0,0,4,22,0,0,0,0,0,0,0,3,0,0,0,0,0,6,0,0,0,0,0,0,0,30,1,1,0,0,0,0,0,0,0,5,0,0,0,0,0,0,0,0,0,0,0,0,34,0,0,0,0,0,0,4,5,1,0,0,3,0,0,0,1,1,0,0,0,0,0,0,0,0,0,0,0,0,0,7,13,0,0,0,1,0,0,0,3,0,0,0,0,0,0,0,0,0,0,0,2,17,0,0,0,0,0,0,0,0,0,0,0,0,0,1,0,0,0,0,1,0,1,1,0,0,0,0,0,0,0,0,0,0,0,0,0,0,0,0,0,0,0,0,0,0,0,0,0,0,0,0,0,0
9,0,9,0,7,23,5,19,3,0,24,12,2,9,4,0,0,0,6,2,0,0,57,30,0,29,9,0,1,1,0,11,8,1,3,0,0,0,3,0,0,0,17,8,4,18,19,0,0,4,0,0,0,0,7,0,2,0,27,3,0,3,0,7,0,0,2,0,0,0,0,0,0,2,2,0,0,0,0,0,0,0,0,0,0,130,0,0,2,0,0,0,0,0,1,1,0,0,0,0,1,0,7,3,0,0,0,1,0,0,5,4,5,0,0,0,0,0,0,10,14,1,8,8,0,15,12,0,0,13,3,0,0,0,0,5,2,0,7,0,12,0,0,2,9,7,9,0,1,1,7,1,4,3,9,0,15,0,0,1,2,0,0,3,0,0,0,3,1,6,4,1,1,1,1,0,0,0,0,2,0,0,0,0,0,2,1,0,0,0
0,0,23,2,12,14,0,1,42,10,21,4,7,3,5,0,2,0,0,20,0,0,3,142,1,2,8,0,2,2,2,2,0,3,4,0,0,0,11,0,0,0,1,0,33,0,67,2,0,0,0,4,2,0,7,0,3,1,20,5,0,14,0,77,14,0,1,2,0,0,0,3,9,1,1,0,0,0,0,0,0,0,0,0,0,0,178,0,0,1,0,0,2,2,13,3,2,6,0,0,5,2,5,12,2,0,0,2,4,1,7,8,11,0,0,5,4,1,1,30,24,2,1,3,1,2,71,2,0,0,32,0,2,0,0,0,13,0,3,0,0,22,1,0,0,2,5,1,0,0,4,1,2,0,2,0,7,0,5,1,0,0,3,3,2,0,1,1,0,0,0,0,0,0,0,0,0,0,0,1,0,0,0,0,0,2,1,0,0,0
0,0,9,3,1,0,0,0,5,17,1,1,3,0,0,0,1,0,0,0,0,5,0,1,38,0,0,0,0,0,0,0,0,0,0,0,0,0,0,1,0,0,0,0,4,0,1,30,0,0,0,0,0,4,0,0,1,0,0,0,0,6,1,9,1,21,0,0,0,0,0,1,5,0,1,0,0,0,0,0,0,0,0,0,0,0,0,44,0,0,0,1,2,1,8,0,0,0,0,0,0,0,0,1,0,0,0,0,0,0,0,0,0,0,0,2,2,0,0,7,4,0,0,2,34,0,1,0,0,0,0,1,0,0,0,0,0,2,0,7,0,1,0,0,0,0,1,0,0,0,2,0,0,0,0,0,0,0,0,0,0,0,0,0,0,0,0,0,0,0,0,0,0,0,0,1,0,0,0,0,0,0,0,0,0,0,0,0,0,0
1,0,8,1,11,3,2,4,1,1,12,1,1,4,4,0,0,0,0,0,0,0,5,1,0,29,18,0,1,1,0,1,12,1,1,0,0,2,0,0,1,0,0,4,1,5,0,0,0,0,0,0,0,0,6,0,2,2,6,6,0,0,0,0,0,0,6,0,0,1,0,0,0,4,3,0,0,0,0,0,0,0,0,0,0,2,0,0,53,0,0,0,0,0,0,3,0,0,1,0,0,0,2,0,1,0,0,0,0,0,0,0,0,0,0,0,0,0,0,0,1,0,7,6,0,2,3,1,0,9,2,0,0,0,0,0,0,0,5,0,9,2,0,0,3,6,2,1,2,0,2,0,1,0,1,1,4,0,0,0,1,0,0,1,0,0,0,0,0,1,2,1,0,0,1,1,0,0,1,0,0,0,0,0,0,1,0,0,0,0
0,0,13,12,7,1,5,1,7,12,10,3,4,0,0,0,0,0,0,0,0,0,0,18,0,2,92,2,8,4,0,0,1,12,1,0,0,0,0,0,17,0,0,0,8,0,9,2,0,0,0,0,0,0,5,0,18,1,5,11,0,0,0,10,1,0,29,15,1,5,2,0,4,0,2,0,1,0,0,0,0,0,0,0,0,0,1,0,0,123,0,0,0,1,1,9,0,0,3,0,1,0,0,4,3,0,0,1,0,0,4,1,0,0,0,0,0,0,0,5,0,5,18,16,0,0,15,30,1,0,33,0,9,0,0,0,0,0,2,0,3,13,13,0,2,1,3,2,2,0,3,0,3,0,1,0,3,0,0,1,0,0,2,0,1,2,0,0,0,0,0,1,0,0,0,0,0,0,0,1,0,0,0,0,0,0,1,0,0,0
0,0,2,1,1,0,0,0,1,1,0,0,3,0,0,0,0,0,0,0,0,0,0,0,3,0,1,12,1,0,0,0,0,1,0,0,0,0,0,0,0,0,0,0,1,0,0,2,0,0,0,0,0,0,0,0,4,1,0,5,0,0,0,0,0,2,1,2,10,0,0,0,0,1,0,0,0,0,0,0,0,0,0,0,0,0,0,0,0,0,16,0,0,0,1,1,0,0,0,0,0,0,0,0,1,0,0,0,0,0,0,0,0,0,0,0,0,0,0,0,0,0,0,2,3,0,0,0,12,0,0,7,0,0,0,0,0,0,0,1,0,0,0,0,0,0,0,0,0,0,0,0,0,0,0,0,0,0,0,0,0,0,0,0,0,0,0,0,0,0,0,0,0,0,0,0,0,0,0,0,0,0,0,0,0,0,0,0,0,0
0,0,0,0,0,0,0,2,11,0,0,0,0,0,1,0,3,0,2,14,0,4,0,0,0,0,0,0,0,0,1,0,0,0,0,0,0,1,6,3,0,0,0,0,1,0,0,1,0,0,0,8,0,0,0,0,0,0,0,0,1,16,0,1,0,0,0,0,0,0,0,3,0,0,0,0,0,0,0,0,4,0,11,0,4,0,0,1,0,0,0,20,0,0,0,0,0,0,0,0,0,0,0,0,0,0,0,0,0,0,0,0,0,0,0,2,7,0,0,0,0,0,0,0,0,0,1,0,0,0,0,0,0,0,0,1,4,3,0,0,0,0,0,1,0,0,1,0,0,0,0,1,0,0,0,0,0,0,0,0,0,0,0,0,0,0,0,0,0,0,0,0,1,0,0,1,0,0,0,0,0,0,0,0,0,0,0,0,0,0
0,0,1,0,0,0,0,1,11,0,0,0,0,0,2,0,2,0,1,11,0,7,0,0,0,0,0,0,0,0,2,0,0,0,0,0,0,0,6,4,0,0,0,0,1,0,1,0,0,0,0,5,0,3,0,0,0,0,0,0,0,18,0,0,0,0,0,0,0,0,0,1,0,0,0,0,0,0,0,0,0,0,10,0,5,0,2,2,0,0,0,0,19,0,0,0,0,0,0,0,0,0,0,0,0,0,0,0,0,0,0,0,0,0,0,6,4,0,0,0,0,0,0,0,0,0,0,0,0,0,0,0,0,0,0,0,4,3,0,0,0,0,0,0,0,0,0,0,0,0,0,0,0,0,0,0,1,0,0,0,0,0,0,0,0,0,0,0,0,0,0,0,0,0,0,0,0,0,0,0,0,0,0,0,0,0,0,0,0,0
1,0,1,0,1,2,0,1,1,2,0,0,0,1,0,0,0,0,0,0,0,0,1,5,2,0,1,0,0,0,0,0,0,0,0,0,0,0,0,0,0,0,0,0,2,0,3,1,0,0,0,0,0,0,0,0,0,0,1,0,0,0,1,2,0,0,0,0,0,0,0,0,0,0,0,0,0,0,0,0,0,0,1,0,1,0,2,1,0,1,0,0,0,8,0,0,0,0,0,0,0,0,0,0,0,0,0,0,0,0,0,0,0,0,0,0,0,0,0,1,2,0,0,0,2,0,3,0,0,0,0,0,0,0,0,0,0,0,0,0,0,1,0,0,0,0,0,0,0,0,0,0,0,0,0,0,0,0,0,0,0,0,0,0,0,0,0,0,0,0,0,0,0,0,0,0,0,0,0,0,0,0,0,0,0,0,0,0,0,0
0,0,1,1,0,2,0,0,1,1,2,0,0,0,1,0,0,0,0,0,0,0,0,16,9,0,0,0,0,0,0,0,0,0,0,0,0,0,0,0,0,0,0,0,0,0,10,8,0,0,0,0,0,0,0,0,0,0,3,0,0,1,0,15,1,6,0,0,0,0,0,0,7,0,1,0,0,0,0,0,0,0,1,0,0,1,13,8,0,1,1,0,0,0,25,0,0,0,0,0,0,0,0,0,0,0,0,0,0,0,0,0,0,0,0,0,0,0,0,11,3,0,0,0,9,1,5,0,0,0,3,0,0,0,0,0,0,0,0,1,0,0,0,0,0,0,1,0,0,0,0,0,0,0,0,0,0,0,0,0,0,0,0,0,0,0,0,0,0,0,0,0,0,0,0,0,0,0,0,0,0,0,0,0,0,0,0,0,0,0
0,0,3,0,1,0,0,0,0,0,0,0,1,0,1,0,0,0,0,2,0,0,0,0,0,2,13,4,0,0,0,0,1,0,0,0,0,0,0,0,2,0,0,0,2,1,0,0,0,0,0,1,0,0,0,0,2,1,3,5,0,1,0,0,0,0,2,4,3,1,0,1,0,0,0,0,2,3,0,0,0,0,1,0,0,1,3,0,3,9,1,0,0,0,0,21,0,0,0,0,0,0,0,0,1,0,0,0,0,0,0,0,0,0,0,0,0,0,0,0,0,0,3,3,0,0,2,4,4,0,5,2,0,0,0,0,1,0,0,0,0,0,1,0,0,0,0,1,0,0,0,0,0,0,1,0,1,0,0,0,0,0,0,0,0,0,0,0,0,0,0,0,0,0,0,0,0,0,0,0,0,0,0,0,0,0,0,0,0,0
0,0,0,0,0,0,0,1,7,0,0,0,0,0,0,0,2,0,0,11,0,3,0,0,0,0,0,0,0,0,2,0,0,0,0,0,0,1,7,2,0,0,0,0,0,0,0,0,0,0,0,4,0,1,0,0,0,0,0,0,0,13,0,0,0,0,0,0,0,0,0,0,0,0,0,0,0,0,0,0,1,0,8,0,3,0,2,0,0,0,0,0,0,0,0,0,14,0,0,0,0,0,0,0,0,0,0,0,0,0,0,0,0,0,0,6,2,0,0,0,0,0,0,0,0,0,0,0,0,0,0,0,0,0,0,0,5,1,0,0,0,0,0,0,0,0,0,0,0,0,2,0,0,0,0,0,1,0,0,0,0,0,0,0,0,0,0,0,0,0,0,0,0,0,0,0,0,0,0,0,0,0,0,0,0,0,0,0,0,0
0,0,1,0,0,2,0,0,3,0,1,0,1,1,0,0,0,0,0,0,0,0,0,8,1,1,0,0,0,0,0,1,1,0,2,0,0,0,0,0,0,0,0,0,2,0,3,1,0,0,0,0,0,0,1,0,0,0,2,0,0,0,0,6,1,0,0,0,0,0,0,0,0,0,0,0,0,1,0,0,1,0,0,0,0,0,7,0,0,0,0,0,0,0,0,0,0,9,0,0,0,0,0,0,0,0,0,0,0,0,0,0,0,0,0,0,0,0,0,3,1,0,0,0,1,0,3,1,0,1,2,0,0,0,0,0,0,0,1,0,0,0,0,0,0,0,0,0,0,0,0,0,0,0,0,0,0,0,0,0,0,0,0,0,0,0,0,0,0,0,0,0,0,0,0,0,0,0,0,0,0,0,0,0,0,0,0,0,0,0
0,0,0,0,1,1,0,0,1,0,2,0,0,1,0,0,0,0,0,0,0,0,0,0,0,2,3,0,0,0,0,0,1,0,1,0,0,0,0,0,0,0,0,0,0,0,1,0,0,0,0,0,0,0,0,0,1,0,0,0,0,0,0,0,0,0,0,1,0,0,0,0,0,0,0,0,0,0,0,0,0,0,0,0,0,0,0,0,1,3,0,0,0,0,0,0,0,0,4,0,0,0,0,0,0,0,0,0,0,0,0,0,0,0,0,0,0,0,0,0,0,0,1,0,0,0,1,1,0,0,0,0,0,0,0,0,0,0,0,0,0,0,0,0,0,0,0,0,0,0,1,0,1,0,0,0,0,0,0,0,0,0,0,0,0,0,0,0,0,0,0,0,0,0,0,0,0,0,0,0,0,0,0,0,0,0,0,0,0,0
0,0,0,0,0,0,0,0,0,0,0,0,0,0,0,0,0,1,0,0,0,0,0,0,0,0,0,0,0,0,0,0,0,0,0,0,0,0,0,0,0,0,0,0,0,0,0,0,1,0,0,0,0,0,0,0,0,0,0,0,1,0,0,0,0,0,0,0,0,0,0,0,0,0,0,0,0,0,0,1,0,0,0,0,0,0,0,0,0,0,0,0,0,0,0,0,0,0,0,1,0,0,0,0,0,1,0,0,0,0,0,0,0,0,0,0,0,0,0,0,0,0,0,0,0,0,0,0,0,0,0,0,0,0,1,0,0,0,0,0,0,0,0,0,0,0,0,0,0,0,0,0,0,0,0,0,0,1,0,0,0,0,0,0,0,0,0,0,0,0,0,0,0,0,0,0,0,0,0,0,0,0,0,0,0,0,0,0,0,0
0,0,0,0,0,1,0,2,0,0,0,0,0,0,2,0,0,28,1,42,0,3,0,6,0,0,1,0,0,0,1,0,0,0,0,1,27,1,24,1,0,0,0,0,2,0,2,0,0,0,1,4,13,1,0,0,0,0,2,1,26,39,0,3,0,0,2,0,0,0,0,0,0,0,0,0,0,0,2,27,1,7,4,32,1,1,5,0,0,1,0,0,0,0,0,0,0,0,0,0,81,0,0,0,0,0,0,46,24,0,0,0,0,2,0,2,0,0,0,0,0,0,0,0,0,0,1,0,0,0,2,0,0,2,27,4,38,2,0,0,0,2,0,0,0,1,0,0,0,0,0,0,0,0,0,0,1,0,50,28,0,0,0,0,1,0,0,0,0,0,0,0,0,0,0,0,0,0,0,0,0,0,0,0,0,0,0,0,0,0
0,0,0,0,0,0,0,0,3,0,0,0,0,0,0,0,0,1,0,17,0,2,0,0,0,0,1,0,0,0,0,0,0,0,0,0,1,1,5,0,0,0,0,0,0,0,0,0,0,0,0,0,11,2,0,0,1,1,0,0,1,16,0,0,0,0,1,0,0,0,0,1,0,0,0,0,0,0,0,1,0,1,1,14,1,0,2,0,0,0,0,0,0,0,0,0,0,0,0,0,0,21,0,0,0,0,0,18,0,0,0,0,0,0,0,0,0,0,0,0,0,0,0,0,0,0,0,0,0,0,0,0,0,0,1,1,16,2,0,0,0,0,0,0,0,0,0,0,0,1,0,0,0,0,0,0,0,0,19,0,0,1,0,0,0,0,0,0,0,0,0,0,0,0,0,0,1,0,0,0,0,0,0,0,0,0,0,0,0,0
0,0,2,0,1,0,0,1,2,0,0,0,0,0,0,0,0,1,1,4,0,0,1,14,0,1,4,0,0,0,0,0,0,0,1,0,0,1,4,0,1,0,0,0,0,2,10,0,0,0,0,0,0,0,1,0,2,0,4,1,0,2,0,5,0,0,0,0,0,0,0,0,0,0,0,0,0,0,0,0,0,2,1,3,0,7,5,0,2,0,0,0,0,0,0,0,0,0,0,0,0,0,26,0,1,0,0,0,0,0,0,6,13,0,0,0,0,0,0,0,1,0,0,1,0,0,5,0,0,0,0,0,0,0,0,1,3,0,0,0,0,0,0,0,0,0,1,0,0,0,0,0,0,0,0,0,1,0,0,0,0,0,0,4,3,0,1,0,0,0,0,0,0,0,0,0,0,0,0,1,0,0,0,0,0,3,1,0,0,0
0,0,0,0,0,1,0,0,4,0,1,0,0,0,1,0,0,0,0,1,0,0,2,15,1,0,5,0,0,0,0,0,0,1,0,0,0,0,2,0,0,0,0,0,2,0,10,2,0,0,0,0,0,0,0,0,2,0,0,0,0,2,0,11,1,0,1,0,0,0,0,0,0,0,0,0,0,0,0,0,0,0,1,1,0,3,12,1,0,4,0,0,0,0,0,0,0,0,0,0,0,0,0,24,1,0,0,0,0,0,8,0,4,0,0,0,0,0,0,0,1,0,0,0,1,0,5,1,0,0,2,0,0,0,0,0,1,0,0,0,0,1,0,0,0,0,0,0,0,0,0,0,0,0,0,0,0,0,0,0,0,0,1,0,0,0,0,0,0,0,0,0,0,0,0,0,0,0,0,0,0,0,0,0,0,0,0,0,0,0
0,0,0,3,2,0,0,0,0,0,0,1,0,0,0,0,0,0,0,0,0,0,0,0,0,0,5,2,13,10,0,0,0,8,0,0,0,0,0,0,1,0,0,0,0,0,0,0,0,0,0,0,0,0,0,0,4,3,2,1,0,0,0,0,0,0,1,0,2,2,9,0,0,0,0,5,11,14,0,0,0,0,0,0,0,0,3,0,1,4,1,0,0,0,0,1,0,0,0,0,0,0,1,1,22,0,0,0,0,0,0,0,1,0,0,0,0,0,0,0,0,0,0,1,0,0,2,6,3,0,2,1,8,0,0,0,0,0,0,0,0,0,0,0,0,0,0,0,0,0,0,0,0,0,0,0,0,0,0,0,0,0,0,0,0,0,0,0,0,0,0,0,0,0,0,0,0,0,0,0,0,0,0,0,0,0,0,0,0,0
0,0,0,0,0,0,0,0,0,0,0,0,0,0,0,0,0,1,0,0,0,0,0,0,0,0,0,0,0,0,0,0,0,0,0,0,0,0,0,0,0,0,0,0,0,0,0,0,1,0,0,0,0,0,0,0,0,0,0,0,1,0,0,0,0,0,0,0,0,0,0,0,0,0,0,0,0,0,0,1,0,0,0,0,0,0,0,0,0,0,0,0,0,0,0,0,0,0,0,1,0,0,0,0,0,1,0,0,0,0,0,0,0,0,0,0,0,0,0,0,0,0,0,0,0,0,0,0,0,0,0,0,0,0,1,0,0,0,0,0,0,0,0,0,0,0,0,0,0,0,0,0,0,0,0,0,0,1,0,0,0,0,0,0,0,0,0,0,0,0,0,0,0,0,0,0,0,0,0,0,0,0,0,0,0,0,0,0,0,0
0,0,0,0,0,0,0,0,0,0,0,0,0,0,0,0,0,6,0,0,0,0,0,0,0,0,0,0,0,0,0,0,0,0,0,0,0,0,0,0,0,0,0,0,0,0,0,0,0,0,0,0,0,0,0,0,0,0,0,0,5,1,0,0,0,0,0,0,0,0,0,0,0,0,0,0,0,0,0,0,0,0,0,6,0,0,0,0,0,0,0,0,0,0,0,0,0,0,0,0,0,0,0,0,0,0,6,0,0,0,0,0,0,0,6,0,0,0,0,0,0,0,0,0,0,0,0,0,0,0,0,0,0,0,0,0,0,0,0,0,0,0,0,0,0,0,0,0,0,0,0,0,0,0,0,0,0,0,0,0,0,0,0,0,0,0,0,0,0,0,0,0,0,0,0,0,0,0,0,0,0,0,0,0,0,0,0,0,0,0
1,0,0,0,0,1,0,0,2,0,0,0,0,1,2,0,0,21,1,38,2,2,0,2,0,0,2,0,0,0,1,0,0,0,0,0,21,1,19,0,0,0,0,0,2,0,1,0,0,0,0,2,19,2,0,0,1,1,0,1,20,37,0,1,0,0,2,0,0,0,0,0,0,0,0,0,0,0,1,20,1,5,3,32,0,1,2,0,0,1,0,0,0,0,0,0,0,0,0,0,46,18,0,0,0,0,0,68,0,0,0,0,0,1,0,0,0,1,0,0,0,0,0,0,0,0,0,0,0,0,1,0,0,1,20,3,34,2,0,0,0,1,0,0,0,0,0,0,0,1,0,0,0,0,0,0,0,0,37,25,0,1,0,0,0,0,0,0,0,0,0,0,0,0,0,0,1,0,0,0,0,0,0,0,0,0,0,0,0,0
0,0,0,0,0,0,0,2,0,0,0,0,0,0,0,0,0,5,1,13,0,1,0,4,0,0,0,0,0,0,0,0,0,0,0,1,4,1,6,0,0,0,0,0,0,0,1,0,0,0,1,2,4,0,0,0,0,0,2,0,4,12,0,2,0,0,1,0,0,0,0,0,0,0,0,0,0,0,1,5,0,3,2,9,0,0,4,0,0,0,0,0,0,0,0,0,0,0,0,0,24,0,0,0,0,0,0,0,24,0,0,0,0,0,0,1,0,0,0,0,0,0,0,0,0,0,1,0,0,0,1,0,0,0,6,2,12,0,0,0,0,1,0,0,0,1,0,0,0,0,0,0,0,0,0,0,1,0,23,0,0,0,0,0,1,0,0,0,0,0,0,0,0,0,0,0,0,0,0,0,0,0,0,0,0,0,0,0,0,0
0,0,0,0,0,0,0,0,4,0,0,0,0,0,0,0,0,0,0,4,0,0,0,0,0,0,0,0,0,0,0,0,0,0,0,0,0,0,4,0,0,0,0,0,0,0,0,0,0,0,0,0,0,0,0,0,0,0,0,0,0,0,0,0,4,0,0,0,0,0,0,0,0,0,0,0,0,0,0,0,0,0,3,0,0,0,1,0,0,0,0,0,0,0,0,0,0,0,0,0,0,0,0,0,0,0,0,0,0,4,0,0,0,0,0,0,0,0,4,0,0,0,0,0,0,0,0,0,0,0,0,0,0,0,0,0,0,0,0,0,0,0,0,0,0,0,0,0,0,0,0,0,0,0,0,0,0,0,0,0,0,0,0,0,0,0,0,0,0,0,0,0,0,0,0,0,0,0,0,0,0,0,0,0,0,0,0,0,0,0
0,0,0,0,0,1,0,1,2,0,4,0,0,0,1,0,0,0,0,1,0,0,1,15,0,0,5,0,0,0,0,0,0,1,0,0,0,0,1,0,1,0,0,0,1,0,9,1,0,0,0,0,0,0,0,0,1,0,2,0,0,1,0,7,0,0,2,0,0,0,0,1,0,0,0,0,0,0,0,0,0,0,2,1,0,5,7,0,0,4,0,0,0,0,0,0,0,0,0,0,0,0,0,8,0,0,0,0,0,0,22,0,2,0,0,0,0,0,0,0,1,1,0,0,0,0,4,1,0,0,0,0,0,0,0,1,1,0,0,0,0,2,0,0,0,0,0,0,0,0,0,0,0,0,0,0,0,0,0,0,0,0,0,5,0,0,0,0,0,0,0,0,0,0,0,0,0,0,0,0,0,0,0,0,0,2,0,0,0,0
0,0,2,0,0,0,0,2,4,1,1,0,1,1,0,1,0,2,1,2,0,0,2,12,0,1,3,0,0,0,0,0,0,0,1,0,0,0,3,0,0,0,0,0,0,3,10,0,0,0,0,0,0,0,0,0,0,0,1,1,0,3,0,7,0,0,0,0,0,0,0,1,0,0,0,0,0,0,0,0,1,1,0,3,0,4,8,0,0,1,0,0,0,0,0,0,0,0,0,0,0,0,6,0,0,0,0,0,0,0,0,24,5,0,0,0,0,0,0,0,0,1,0,0,0,0,7,0,0,0,1,0,0,0,0,1,2,0,0,0,0,0,0,0,0,0,0,0,0,0,0,0,0,0,0,0,0,0,0,0,0,0,4,0,2,0,1,0,0,0,0,0,0,0,0,0,0,0,0,0,0,0,0,0,0,0,0,0,0,0
0,0,0,0,0,0,0,1,2,0,0,0,0,0,1,0,0,0,0,4,0,0,2,16,0,0,2,0,0,0,0,0,0,0,0,0,0,0,3,0,1,0,0,0,0,2,12,0,0,0,0,0,0,0,0,0,1,0,2,0,0,2,0,9,1,0,0,0,0,0,0,0,0,0,0,0,0,0,0,0,0,1,1,3,0,5,11,0,0,0,0,0,0,0,0,0,0,0,0,0,0,0,13,4,1,0,0,0,0,0,2,5,24,0,0,0,0,0,0,0,2,0,0,0,0,0,9,0,0,0,1,0,0,0,0,0,2,0,0,0,0,0,0,0,0,0,0,0,0,0,0,0,0,0,0,0,0,0,0,0,0,0,1,1,0,0,0,0,0,0,0,0,0,0,0,0,0,0,0,0,0,0,0,0,0,0,0,0,0,0
0,0,0,0,0,0,0,0,0,0,0,0,0,0,0,0,0,3,0,0,1,0,0,0,0,0,0,0,0,0,0,0,0,0,0,0,3,0,0,0,0,0,0,0,0,0,0,0,0,0,0,0,1,0,0,0,0,0,0,0,3,1,0,0,0,0,0,0,0,0,0,0,0,0,0,0,0,0,0,3,0,0,0,1,0,0,0,0,0,0,0,0,0,0,0,0,0,0,0,0,2,0,0,0,0,0,0,1,0,0,0,0,0,4,0,0,0,0,0,0,0,0,0,0,0,0,0,0,0,0,0,0,0,0,3,0,0,0,0,0,0,0,0,0,0,0,0,0,0,0,0,0,0,0,0,0,0,0,1,0,0,0,0,0,0,0,0,0,0,0,0,0,0,0,0,0,0,0,0,0,0,0,0,0,0,0,0,0,0,0
0,0,0,0,0,0,0,0,0,0,0,0,0,0,0,0,0,6,0,0,0,0,0,0,0,0,0,0,0,0,0,0,0,0,0,0,0,0,0,0,0,0,0,0,0,0,0,0,0,0,0,0,0,0,0,0,0,0,0,0,5,1,0,0,0,0,0,0,0,0,0,0,0,0,0,0,0,0,0,0,0,0,0,6,0,0,0,0,0,0,0,0,0,0,0,0,0,0,0,0,0,0,0,0,0,0,6,0,0,0,0,0,0,0,6,0,0,0,0,0,0,0,0,0,0,0,0,0,0,0,0,0,0,0,0,0,0,0,0,0,0,0,0,0,0,0,0,0,0,0,0,0,0,0,0,0,0,0,0,0,0,0,0,0,0,0,0,0,0,0,0,0,0,0,0,0,0,0,0,0,0,0,0,0,0,0,0,0,0,0
1,0,5,0,0,0,0,5,23,0,2,0,4,4,13,0,19,0,8,46,0,9,0,0,0,0,0,0,0,0,9,0,0,0,0,0,0,3,22,6,0,0,0,0,1,1,1,0,0,4,0,21,0,3,0,0,0,0,0,0,0,49,0,0,0,0,0,0,0,0,0,3,0,0,0,0,0,0,0,0,12,1,35,1,7,0,5,2,0,0,0,2,6,0,0,0,6,0,0,0,2,0,0,0,0,0,0,0,1,0,0,0,0,0,0,62,0,0,0,0,0,0,0,0,1,0,0,0,0,0,0,0,0,0,0,7,17,2,1,0,0,0,0,1,0,0,0,0,0,3,3,0,0,2,0,0,1,0,2,0,0,0,0,0,0,0,0,0,0,0,0,0,0,0,0,0,0,0,0,0,0,0,0,0,0,0,0,0,0,0
4,0,1,0,1,0,0,10,47,1,1,0,0,1,4,0,2,0,18,62,0,12,1,1,0,0,0,0,0,0,0,0,0,0,0,0,0,9,28,7,0,0,0,0,1,2,0,0,0,12,0,32,0,5,0,0,0,0,0,0,0,46,0,1,0,0,0,0,0,0,0,8,0,0,0,0,0,0,1,0,22,0,52,0,13,0,4,2,0,0,0,7,4,0,0,0,2,0,0,0,0,0,0,0,0,0,0,0,0,0,0,0,0,0,0,0,94,0,0,0,0,0,0,0,0,0,0,0,0,0,0,0,0,0,0,22,46,6,0,0,0,1,0,8,0,0,19,0,0,7,9,10,6,6,0,0,6,0,0,0,1,0,0,0,0,0,0,5,0,0,0,0,1,0,0,1,0,0,0,0,0,0,0,0,0,0,0,0,0,0
0,0,1,0,0,0,1,0,4,0,0,0,0,0,1,0,0,0,0,3,5,0,0,1,0,0,1,0,0,0,0,0,0,0,0,0,0,0,5,0,0,0,0,0,0,0,0,0,0,0,0,1,2,0,0,0,0,0,1,0,0,5,0,1,0,0,1,0,0,0,0,1,0,0,1,0,0,0,0,0,0,0,1,7,0,0,1,0,1,0,0,0,0,0,0,1,0,0,0,0,0,0,0,0,0,0,0,1,0,0,0,0,0,0,0,0,0,9,0,0,0,0,0,0,0,0,0,0,0,0,0,0,0,0,0,0,0,0,0,0,0,0,0,0,0,0,0,0,0,0,0,0,0,0,0,0,0,0,0,0,0,0,0,0,0,0,0,0,0,0,0,0,0,0,0,0,0,0,0,0,0,0,0,0,0,0,0,0,0,0
0,0,0,0,0,0,0,0,4,0,0,0,0,0,0,0,0,0,0,4,0,0,0,0,0,0,0,0,0,0,0,0,0,0,0,0,0,0,4,0,0,0,0,0,0,0,0,0,0,0,0,0,0,0,0,0,0,0,0,0,0,0,0,0,4,0,0,0,0,0,0,0,0,0,0,0,0,0,0,0,0,0,3,0,0,0,1,0,0,0,0,0,0,0,0,0,0,0,0,0,0,0,0,0,0,0,0,0,0,4,0,0,0,0,0,0,0,0,4,0,0,0,0,0,0,0,0,0,0,0,0,0,0,0,0,0,0,0,0,0,0,0,0,0,0,0,0,0,0,0,0,0,0,0,0,0,0,0,0,0,0,0,0,0,0,0,0,0,0,0,0,0,0,0,0,0,0,0,0,0,0,0,0,0,0,0,0,0,0,0
2,0,6,0,0,14,1,5,7,2,12,5,3,4,3,0,0,0,0,1,0,0,9,48,7,1,1,0,0,0,0,2,2,1,4,0,0,0,1,0,0,1,4,1,9,0,21,7,0,0,0,0,0,0,3,0,0,0,19,1,0,1,0,35,6,5,1,0,0,0,0,1,6,0,0,0,0,0,0,0,4,0,4,0,0,15,31,7,0,5,0,0,0,1,11,0,0,3,0,0,0,0,0,0,0,0,0,0,0,0,0,0,0,0,0,0,0,0,0,61,0,0,0,0,5,5,18,0,0,0,5,0,0,0,0,1,1,0,0,0,0,2,0,0,0,0,1,0,0,1,0,0,0,0,1,0,4,0,0,0,0,0,0,0,0,0,0,0,0,0,0,0,0,0,0,0,0,0,0,0,0,0,0,0,0,0,0,0,0,0
1,0,9,0,7,0,0,3,6,4,12,5,1,0,0,0,0,0,1,3,0,0,16,33,5,2,0,0,1,2,0,0,0,1,0,0,0,0,2,0,0,0,6,1,14,2,13,3,0,0,0,0,0,0,1,0,0,0,9,0,0,2,1,10,3,1,0,1,0,0,0,0,1,0,0,0,0,0,0,0,7,0,7,0,1,14,25,4,1,1,0,0,0,2,3,1,0,1,0,0,0,0,1,1,0,0,0,0,0,0,1,0,2,0,0,0,0,0,0,0,57,0,0,1,5,3,15,0,0,3,6,0,0,0,0,2,3,0,2,1,1,6,0,1,2,1,7,1,0,0,1,2,2,1,2,0,3,0,0,0,0,0,0,1,0,0,0,2,0,3,1,0,0,0,0,0,0,0,0,0,0,0,0,0,0,0,0,0,0,0
1,0,1,0,0,0,0,2,0,2,1,0,0,0,0,0,0,0,2,3,0,0,0,6,0,0,4,0,0,0,0,0,0,0,0,0,0,0,5,0,0,0,0,0,2,1,1,0,0,0,0,0,0,0,0,0,0,0,0,0,0,3,0,1,0,0,0,0,0,0,2,0,0,0,0,0,0,0,0,0,1,0,1,4,0,2,2,0,1,5,0,0,0,0,0,0,0,0,0,0,0,0,0,0,0,0,0,0,0,0,1,1,0,0,0,0,0,0,0,0,0,13,0,0,0,0,0,0,0,0,0,0,0,0,0,0,1,0,0,0,0,0,0,0,0,0,0,0,0,0,0,0,0,0,0,0,0,0,0,0,0,0,0,0,0,0,0,0,0,0,0,0,0,0,0,0,0,0,0,0,0,0,0,0,0,0,0,0,0,0
0,0,6,0,4,6,4,1,1,0,6,1,4,0,1,0,0,0,0,0,0,0,1,2,0,8,28,2,0,0,0,0,7,1,1,0,0,0,0,0,3,0,0,0,0,2,2,1,0,0,0,0,0,0,4,0,3,0,3,4,0,1,0,1,0,0,14,4,2,0,0,0,0,2,2,0,0,2,0,0,0,0,0,0,0,8,1,0,8,20,0,0,0,0,0,4,0,0,1,0,0,0,0,0,0,0,0,0,0,0,0,0,0,0,0,0,0,0,0,0,0,0,37,0,0,2,5,13,2,1,8,0,0,0,0,0,0,0,1,0,1,2,0,0,0,0,2,0,0,0,1,0,0,0,1,0,2,0,0,0,1,0,0,0,0,1,0,0,0,0,0,0,0,0,0,0,0,0,0,0,0,0,0,0,0,0,0,0,0,0
2,0,3,1,3,0,0,0,2,1,7,2,0,0,0,0,0,0,2,0,0,0,4,2,2,10,17,2,0,1,0,0,1,1,0,0,0,1,0,0,5,0,2,4,3,6,0,1,0,2,0,0,0,0,1,0,2,0,3,1,0,0,0,1,0,0,2,2,2,0,0,0,0,0,0,0,1,1,0,0,2,0,0,0,0,9,3,2,7,16,2,0,0,0,0,3,0,0,0,0,0,0,1,0,1,0,0,0,0,0,0,0,0,0,0,0,0,0,0,0,1,0,0,40,1,2,4,1,2,2,5,1,2,0,0,1,0,0,2,0,3,3,4,0,2,1,0,0,0,0,2,0,1,1,3,0,2,0,0,0,1,0,0,0,0,1,0,0,0,2,1,1,1,0,0,0,0,0,0,0,0,0,0,0,0,0,0,0,0,0
0,0,9,3,1,0,0,0,3,16,2,1,3,0,0,0,0,0,0,0,0,1,0,0,43,0,0,0,0,0,0,0,0,1,0,0,0,0,0,1,0,0,0,0,4,0,1,33,0,0,0,0,0,0,0,0,1,0,0,0,0,3,2,8,2,22,0,1,0,0,0,0,5,0,1,0,0,1,0,0,0,0,0,0,3,0,1,36,0,0,3,0,0,2,9,0,0,1,0,0,0,0,0,1,0,0,0,0,0,0,0,0,0,0,0,1,0,0,0,7,5,0,0,1,42,0,0,0,0,0,0,2,0,0,0,0,0,0,0,7,0,0,0,0,0,0,1,0,0,0,0,0,0,0,0,0,0,0,0,0,0,0,0,0,0,0,0,0,0,0,0,0,0,0,0,1,0,0,0,0,0,0,0,0,0,0,0,0,0,0
4,0,4,0,3,7,0,4,1,1,8,1,0,1,0,0,0,0,1,0,0,0,9,10,0,6,1,0,0,0,0,2,0,0,1,0,0,0,0,0,0,0,3,2,1,3,5,0,0,1,0,0,0,0,1,0,0,0,6,0,0,0,0,4,0,0,0,0,0,0,0,0,0,0,0,0,0,0,0,0,3,0,0,0,0,18,4,0,2,0,0,0,0,0,1,0,0,0,0,0,0,0,1,0,0,0,0,0,0,0,0,1,1,0,0,0,0,0,0,6,3,0,2,2,0,22,0,0,0,2,0,0,0,0,0,1,0,0,1,0,1,0,0,0,1,0,1,0,0,0,1,1,1,0,0,0,1,0,0,0,1,0,0,0,0,0,0,0,0,2,0,0,0,0,0,0,0,0,0,1,0,0,0,0,0,0,0,0,0,0
0,0,20,0,8,11,0,0,19,3,18,1,7,2,3,0,0,0,0,8,0,0,1,102,0,2,19,0,1,1,0,2,1,2,2,0,0,0,2,0,3,0,0,0,23,1,61,0,0,0,0,1,0,0,2,0,1,1,18,5,1,0,0,50,9,0,4,4,0,0,0,3,11,2,2,0,1,1,0,0,2,0,7,0,0,14,80,1,3,19,0,1,0,4,7,2,0,3,1,0,1,0,5,7,2,0,0,0,1,0,6,7,9,0,0,0,0,0,0,24,17,3,6,5,0,0,115,0,0,0,14,0,1,0,0,0,1,0,3,0,0,8,1,0,0,0,2,0,0,1,0,0,0,0,1,0,5,0,1,0,0,0,2,2,0,0,1,0,0,0,0,0,0,0,0,0,0,0,0,0,0,0,0,0,0,2,4,0,0,0
0,0,3,7,5,1,0,0,3,3,3,0,1,0,1,0,0,0,0,0,0,0,0,2,0,1,40,0,29,37,0,0,2,17,1,0,0,0,0,0,11,0,0,0,2,0,1,0,0,0,0,0,0,0,2,0,21,7,1,4,0,0,0,1,0,0,12,10,0,11,5,0,1,0,1,9,33,40,0,0,0,0,0,0,0,0,2,0,3,33,0,0,0,0,0,4,0,1,1,0,0,0,0,2,7,0,0,0,0,0,2,0,0,0,0,0,0,0,0,0,0,0,14,2,0,0,0,79,0,1,12,0,18,0,0,0,0,0,1,0,0,3,2,0,0,0,1,0,0,0,0,0,0,0,0,0,0,0,0,0,0,0,0,0,0,0,1,0,0,0,0,0,0,0,0,0,0,0,0,1,0,0,0,0,0,0,0,0,0,0
0,0,2,1,2,0,0,0,1,1,0,0,6,0,0,0,0,0,0,0,0,0,0,0,0,0,1,23,3,1,0,0,0,1,0,0,0,0,0,0,0,0,0,0,1,1,0,4,0,0,0,0,0,0,0,0,6,1,1,5,0,0,0,0,0,0,1,1,18,0,1,0,0,2,0,3,8,11,0,0,0,0,0,0,0,0,0,0,0,2,13,0,0,0,0,4,0,0,0,0,0,0,0,0,3,0,0,0,0,0,0,0,0,0,0,0,0,0,0,0,0,0,2,2,0,0,0,0,25,0,0,8,3,0,0,0,0,0,0,0,0,0,0,0,0,0,0,0,0,0,0,0,0,0,0,0,0,0,0,0,0,0,0,0,0,0,0,0,0,0,0,0,0,0,0,0,0,0,0,0,0,0,0,0,0,0,0,0,0,0
1,0,5,0,3,2,1,1,2,0,5,2,1,0,3,0,0,0,1,0,0,0,11,0,0,13,2,0,0,1,0,1,2,1,2,0,0,0,0,0,0,0,3,1,0,3,1,0,0,1,0,0,0,0,0,0,1,0,5,1,0,0,0,0,0,0,0,0,0,0,0,0,0,0,0,0,0,0,0,0,0,0,0,0,0,17,0,0,10,0,0,0,0,0,0,0,0,1,0,0,0,0,0,0,0,0,0,0,0,0,0,0,0,0,0,0,0,0,0,0,4,0,3,4,0,5,0,1,0,23,0,0,0,0,0,0,0,0,1,0,8,0,0,1,1,5,1,0,0,0,1,0,0,0,2,0,1,0,0,0,1,0,0,0,0,0,0,0,0,0,1,0,0,0,0,0,0,0,0,0,0,0,0,0,0,0,0,0,0,0
0,0,17,11,11,4,3,0,13,14,19,1,3,1,0,0,0,0,0,7,0,0,1,58,0,0,59,1,2,3,0,0,2,2,1,0,0,0,4,0,6,0,0,0,18,0,30,1,0,0,0,1,0,0,6,0,9,0,6,8,0,2,0,28,9,0,17,18,1,1,2,2,2,1,2,0,6,10,0,0,0,0,8,0,0,3,52,0,3,54,0,0,0,0,5,9,0,5,0,0,2,0,0,3,3,0,0,1,1,4,0,2,3,0,0,0,0,1,4,8,12,3,17,7,0,0,34,22,1,0,82,0,0,0,0,0,0,0,3,0,0,10,6,0,0,1,2,1,1,0,0,0,1,0,0,0,1,0,1,1,0,0,1,1,1,0,0,0,0,1,0,0,0,0,0,1,0,0,0,1,0,0,0,0,0,1,0,0,0,0
0,0,1,1,1,0,0,0,2,1,0,0,5,0,0,0,0,0,0,0,0,0,0,0,2,0,1,20,1,0,0,0,0,0,0,0,0,0,0,0,0,0,0,0,1,1,0,1,0,0,0,0,0,0,0,0,7,1,0,5,0,0,0,0,0,1,1,2,16,0,0,0,0,2,0,1,6,9,0,0,0,0,0,0,0,0,0,1,0,0,13,0,0,0,0,4,0,0,0,0,0,0,0,0,2,0,0,0,0,0,0,0,0,0,0,0,0,0,0,0,0,0,1,2,2,0,0,0,21,0,0,10,0,0,0,0,0,0,0,1,0,0,0,0,0,0,0,0,0,0,0,0,0,0,0,0,0,0,0,0,0,0,0,0,0,0,0,0,0,0,0,0,0,0,0,0,0,0,0,0,0,0,0,0,0,0,0,0,0,0
0,0,2,6,1,0,0,0,1,2,0,0,1,0,0,0,0,0,0,0,0,0,0,2,0,2,8,0,36,40,0,0,0,9,0,0,0,0,0,0,8,0,1,0,0,0,0,0,0,0,0,0,0,0,0,0,12,1,1,1,0,0,0,0,0,0,6,0,0,11,8,0,0,0,0,24,51,52,0,0,0,0,0,0,0,0,3,0,0,11,0,0,0,0,0,0,0,0,0,0,0,0,0,0,12,0,0,0,0,0,0,0,0,0,0,0,0,0,0,0,0,0,0,2,0,0,1,35,3,0,1,0,53,0,0,0,0,0,0,0,0,3,6,0,0,0,0,0,1,0,1,0,0,0,0,0,1,0,0,0,0,0,0,0,0,0,0,0,0,0,0,0,0,0,0,0,0,0,0,0,0,0,0,0,0,0,0,0,0,0
0,0,0,0,0,0,0,0,0,0,0,0,0,0,0,0,0,2,0,0,0,0,0,0,0,0,0,0,0,0,0,0,0,0,0,0,2,0,0,0,0,0,0,0,0,0,0,0,0,0,0,0,0,0,0,0,0,0,0,0,2,0,0,0,0,0,0,0,0,0,0,0,0,0,0,0,0,0,1,1,0,0,0,0,0,0,0,0,0,0,0,0,0,0,0,0,0,0,0,0,2,0,0,0,0,0,0,1,0,0,0,0,0,0,0,0,0,0,0,0,0,0,0,0,0,0,0,0,0,0,0,0,0,2,0,0,0,0,0,0,0,0,0,0,0,0,0,0,0,0,0,0,0,0,0,0,0,0,1,1,0,0,0,0,0,0,0,0,0,0,0,0,0,0,0,0,0,0,0,0,0,0,0,0,0,0,0,0,0,0
0,0,0,0,0,0,0,0,0,0,0,0,0,0,0,0,0,37,0,1,0,0,0,0,0,0,0,0,0,0,0,0,0,0,0,1,28,0,0,0,0,0,0,0,0,0,0,0,1,0,0,1,0,0,0,0,0,0,0,0,33,4,0,0,0,0,1,0,0,0,0,0,0,0,0,0,0,0,1,30,0,0,0,7,0,0,0,0,0,0,0,0,0,0,0,0,0,0,0,1,27,1,0,0,0,1,6,20,6,0,0,0,0,3,6,0,0,0,0,0,0,0,0,0,0,0,0,0,0,0,0,0,0,0,31,0,0,0,0,0,0,0,0,0,0,0,0,0,0,0,0,0,0,0,0,0,0,1,18,9,0,0,0,0,0,0,0,0,0,0,0,0,0,0,0,0,0,0,0,0,0,0,0,0,0,0,0,0,0,0
6,0,0,0,2,1,0,18,6,0,1,1,2,5,17,0,4,0,38,20,0,0,6,1,0,2,0,0,0,0,9,0,1,0,1,0,0,24,9,0,0,0,3,0,2,2,1,0,0,16,0,6,2,0,2,0,0,0,5,0,0,7,0,0,0,0,0,0,0,0,0,1,0,0,0,0,0,0,1,0,41,5,9,1,0,5,0,0,0,0,0,1,0,0,0,0,2,0,0,0,4,1,1,0,0,0,0,4,2,0,1,1,0,0,0,12,24,0,0,1,3,0,0,1,0,1,0,0,0,0,0,0,0,0,0,57,0,0,1,0,0,0,0,11,1,0,12,0,0,3,2,7,4,8,0,0,7,0,5,0,1,0,0,1,0,0,0,8,0,0,0,0,2,0,0,2,0,0,0,0,0,0,0,0,0,0,1,0,0,0
5,1,14,0,1,2,1,10,73,0,4,1,5,6,14,0,26,2,3,192,7,1,0,13,0,0,0,0,1,1,14,0,0,0,0,0,0,1,100,0,0,0,0,0,4,0,9,0,0,3,1,73,25,0,0,0,1,0,2,0,0,162,0,4,0,0,1,0,0,0,0,11,1,0,1,0,0,0,0,0,6,5,121,64,2,4,18,0,0,0,0,12,12,0,0,1,9,0,0,0,38,16,5,2,0,0,0,36,12,0,1,5,5,1,0,40,52,8,0,2,4,4,0,0,0,0,2,0,0,0,1,0,0,0,0,0,152,0,1,0,0,1,0,0,2,0,12,0,0,9,13,6,7,2,0,0,5,0,41,13,0,0,1,0,0,0,0,3,0,0,0,0,0,1,0,0,1,0,0,0,0,0,0,0,0,0,1,0,0,0
0,0,0,0,1,0,0,0,32,0,4,0,0,0,1,0,1,0,0,1,0,35,0,0,0,0,0,0,0,0,0,0,0,0,0,0,0,0,2,22,0,0,0,0,0,0,0,1,0,0,0,0,0,12,0,0,0,0,0,0,0,33,0,1,0,0,0,0,0,0,0,6,0,0,0,0,0,0,0,0,0,0,2,0,29,0,0,5,0,0,0,4,7,0,0,0,3,0,0,0,2,2,0,0,0,0,0,2,0,0,0,0,0,0,0,8,13,0,0,0,0,0,0,0,0,0,0,0,0,0,0,0,0,0,0,0,0,21,0,0,0,0,0,0,0,0,0,0,0,0,0,0,0,0,0,0,1,0,2,1,0,0,0,0,0,0,0,0,0,0,0,0,0,0,0,0,0,0,0,0,0,0,0,0,0,0,0,0,0,0
1,0,1,0,0,4,0,2,4,0,4,2,1,0,2,0,0,0,0,3,0,0,6,15,0,4,4,0,0,0,0,3,1,0,2,0,0,0,2,0,0,1,1,1,2,0,9,0,0,1,0,0,0,0,3,0,0,2,10,1,0,2,0,7,2,0,4,0,0,0,0,1,1,0,0,0,0,0,0,0,4,0,3,0,0,8,8,0,6,3,0,0,0,1,0,1,0,3,0,0,0,0,0,0,0,0,0,0,0,0,0,0,0,0,0,1,0,0,0,6,3,0,1,2,0,1,7,1,0,1,4,0,0,0,0,1,2,0,21,0,1,0,0,0,0,0,0,0,0,0,2,0,0,1,0,0,2,0,0,0,1,0,0,0,0,0,0,0,0,0,0,0,1,0,0,0,0,0,0,0,0,0,0,0,0,0,0,0,0,0
0,0,9,3,1,0,0,0,3,17,2,1,1,0,0,0,0,0,0,0,0,1,0,0,41,0,0,0,0,0,0,0,0,1,0,0,0,0,0,1,0,0,0,0,4,0,0,32,0,0,0,0,0,0,0,0,1,0,0,0,0,3,2,8,1,21,0,1,0,0,0,0,3,0,1,0,0,1,0,0,0,0,0,0,3,0,0,35,0,0,3,0,0,2,9,0,0,1,0,0,0,0,0,0,0,0,0,0,0,0,0,0,0,0,0,1,0,0,0,5,5,0,0,1,41,0,0,0,0,0,0,2,0,0,0,0,0,0,0,8,0,0,0,0,0,0,1,0,0,0,1,0,0,0,0,0,0,0,0,0,0,0,0,0,0,0,0,0,0,0,0,0,0,0,0,1,0,0,0,0,0,0,0,0,0,0,0,0,0,0
1,0,1,0,1,1,1,2,1,1,4,0,1,0,2,0,0,0,0,0,0,0,10,0,0,14,3,0,0,0,0,0,2,0,1,0,0,1,0,0,0,0,1,0,0,2,0,0,0,0,0,0,0,0,0,0,1,0,0,0,0,0,0,0,0,0,0,0,0,0,0,0,0,1,0,0,0,0,0,0,3,0,0,0,0,13,0,0,10,3,0,0,0,0,0,0,0,1,0,0,0,0,0,0,0,0,0,0,0,0,0,0,0,0,0,0,0,0,0,0,1,0,2,4,0,1,0,1,0,10,0,0,0,0,0,0,0,0,1,0,27,0,0,1,3,3,4,0,1,1,3,1,2,0,2,0,5,0,0,0,0,0,0,0,0,0,0,1,0,0,2,0,0,0,1,0,0,1,0,0,0,0,0,0,0,0,0,0,0,0
0,0,9,3,5,4,3,0,10,11,6,2,5,0,3,0,0,0,0,2,0,0,1,55,1,2,26,0,1,3,0,1,2,3,1,0,0,0,0,0,3,0,0,0,22,0,18,1,0,0,0,0,0,0,3,0,3,0,7,8,1,0,0,31,4,0,9,4,0,1,0,0,6,1,2,0,1,4,0,0,0,0,2,0,0,1,51,1,2,28,0,1,0,2,8,3,0,1,0,0,2,0,0,2,2,0,0,1,1,0,2,0,0,0,0,0,1,0,0,15,11,2,4,4,0,1,26,9,0,0,24,0,5,0,0,0,1,0,1,0,0,41,0,0,1,1,2,3,1,0,1,0,1,0,0,0,0,0,1,1,0,0,0,0,0,0,0,0,0,0,0,2,0,0,0,0,0,0,0,0,0,0,0,0,0,0,0,0,0,0
0,0,3,8,4,0,1,0,1,6,2,0,0,0,0,0,0,0,0,0,0,0,0,2,0,0,29,5,21,26,0,0,0,5,0,0,0,0,0,0,14,0,0,0,1,0,0,0,0,0,0,0,0,0,1,0,5,2,2,2,0,0,0,0,0,0,9,6,4,4,9,0,0,2,1,25,46,47,0,0,0,0,0,0,0,0,2,0,0,20,3,0,0,0,0,3,0,0,0,0,0,0,0,0,6,0,0,0,0,0,0,0,0,0,0,0,0,0,0,0,0,0,1,9,0,0,3,20,8,0,15,5,41,0,0,0,0,0,0,0,0,0,20,0,1,0,0,0,1,0,1,0,0,0,0,0,0,0,0,0,0,0,0,0,0,0,0,0,0,0,0,0,0,0,0,0,0,0,0,1,0,0,0,0,0,0,0,0,0,0
1,0,0,0,0,0,1,4,1,0,2,1,0,0,0,0,0,0,14,0,0,0,3,0,0,1,0,0,0,0,1,1,0,0,0,0,0,11,0,0,0,0,1,0,0,2,0,0,0,2,0,0,0,0,0,0,0,0,1,0,0,0,0,0,0,0,0,0,0,0,0,1,0,0,0,0,0,0,0,0,14,0,1,0,0,3,0,0,0,0,0,1,0,0,0,0,0,0,0,0,0,0,0,0,0,0,0,0,0,0,0,0,0,0,0,1,8,0,0,1,1,0,0,0,0,0,0,0,0,1,0,0,0,0,0,11,0,0,0,0,1,0,0,17,1,0,3,0,0,2,1,9,0,7,1,0,1,0,0,0,0,0,0,0,0,0,0,4,0,1,0,0,3,0,0,2,0,0,0,0,0,0,0,0,0,0,0,0,0,0
1,0,3,0,2,1,0,1,0,2,3,0,0,0,0,0,0,0,2,1,0,0,9,10,0,5,2,0,0,0,0,0,0,0,0,0,0,1,1,0,0,0,2,0,1,2,4,0,0,0,0,0,0,0,0,0,0,0,0,2,0,0,0,0,0,0,0,0,0,0,0,0,0,0,1,0,0,0,0,0,1,0,2,0,0,10,6,0,4,2,0,0,0,1,1,0,0,0,0,0,0,0,0,0,0,0,0,0,0,0,0,0,0,0,0,0,0,0,0,0,3,0,0,3,0,1,3,0,0,1,5,0,0,0,0,1,2,0,0,0,3,3,1,1,17,0,0,0,0,0,0,0,1,0,2,0,2,0,0,0,0,0,0,0,0,0,0,1,0,0,0,0,0,1,0,0,0,0,0,0,0,0,0,0,0,0,0,0,0,0
0,0,1,0,0,0,0,1,0,0,6,0,0,0,2,0,0,0,0,0,0,0,6,2,0,6,4,0,0,0,0,0,0,0,0,0,0,1,0,0,0,0,0,1,1,0,0,0,0,0,0,0,0,0,1,0,0,0,2,0,0,0,0,0,0,0,0,0,0,0,0,0,0,0,0,0,1,1,0,0,0,0,0,0,0,7,2,0,7,1,0,0,0,0,0,0,0,0,0,0,1,0,0,0,0,0,0,0,1,0,0,0,0,0,0,0,0,0,0,0,1,0,0,2,0,0,0,0,0,6,1,0,1,0,0,0,0,0,0,0,4,1,1,0,0,15,2,1,0,0,0,0,0,0,0,0,0,0,0,0,0,0,0,0,1,0,0,0,0,1,1,0,0,0,0,0,0,0,0,0,0,0,0,0,0,0,0,0,0,0
2,0,5,1,2,4,0,3,10,1,6,3,0,0,1,0,2,0,12,18,0,2,10,8,2,6,7,0,0,0,0,0,2,0,0,0,0,5,11,2,0,0,3,0,4,1,3,0,0,8,0,5,0,0,1,0,0,0,5,0,0,11,1,2,0,1,1,0,0,0,0,2,0,0,0,0,0,0,1,0,13,0,18,0,2,12,7,2,3,6,0,2,2,0,1,0,0,0,1,0,0,0,2,0,0,0,0,0,0,0,0,0,0,0,0,1,23,0,0,1,8,0,4,3,2,1,4,3,0,1,4,0,0,0,0,14,16,2,1,2,4,2,1,3,0,3,47,0,0,3,1,5,3,3,0,0,6,0,0,0,0,0,0,0,0,0,0,5,0,2,0,0,2,1,0,2,0,0,0,2,0,0,0,0,0,1,0,0,0,0
0,0,1,1,1,0,0,0,0,1,2,0,1,0,0,0,0,0,0,0,0,0,0,4,0,0,6,0,0,0,0,0,0,0,0,0,0,0,0,0,3,0,0,0,0,0,1,0,0,0,0,0,0,0,1,0,1,0,1,1,0,0,0,1,0,0,1,0,0,0,0,0,0,1,1,0,0,1,0,0,0,0,0,0,0,0,2,0,2,5,0,0,0,0,0,1,0,0,0,0,0,0,0,0,0,0,0,0,0,0,0,0,0,0,0,0,0,0,0,0,1,0,0,1,0,0,1,0,0,0,2,0,1,0,0,0,0,0,0,0,0,4,2,0,1,1,0,5,0,0,0,0,0,0,0,0,2,0,0,0,0,0,0,0,0,0,0,0,0,1,0,1,0,0,0,0,0,0,0,0,0,0,0,0,0,0,0,0,0,0
0,0,0,1,0,0,0,1,0,0,0,1,0,0,0,0,0,0,0,0,0,0,0,0,0,4,3,0,0,0,0,0,0,0,0,0,0,0,0,0,1,0,0,1,0,0,0,0,0,0,0,0,0,0,0,0,1,0,0,0,0,0,0,0,0,0,1,1,0,0,0,0,0,1,0,0,0,0,0,0,0,0,0,0,0,1,0,0,2,4,0,0,0,0,0,0,0,0,0,0,0,0,0,0,0,0,0,0,0,0,0,0,0,0,0,0,0,0,0,0,0,0,0,1,0,0,0,0,0,0,2,0,1,0,0,0,0,0,0,0,1,1,2,0,0,0,0,0,5,0,0,0,0,0,0,0,0,0,0,0,0,0,0,0,0,0,0,0,0,0,0,0,0,0,2,0,0,0,1,0,0,0,0,0,0,0,0,0,0,0
2,0,0,0,0,1,0,2,2,0,2,0,0,0,1,0,2,0,3,9,0,0,2,1,0,0,0,0,0,0,1,0,0,0,0,0,0,2,3,0,0,0,0,0,0,0,2,0,0,2,0,3,1,0,0,0,0,0,0,0,0,3,0,1,0,0,0,0,0,0,0,0,0,0,0,0,0,0,0,0,5,0,7,1,0,1,0,0,1,0,0,0,0,0,0,0,0,0,0,0,0,1,0,0,0,0,0,1,0,0,0,0,0,0,0,3,7,0,0,1,0,0,0,0,0,1,1,0,0,1,0,0,0,0,0,3,9,0,1,0,1,0,0,2,0,0,3,0,0,14,0,3,2,2,0,0,0,0,1,0,0,0,0,0,0,0,0,0,0,0,0,0,0,0,0,0,1,0,0,0,0,0,0,0,0,0,0,0,0,0
1,0,1,1,4,0,0,1,8,2,2,2,1,0,1,0,1,0,1,20,0,0,4,6,2,5,4,0,1,0,0,1,1,0,0,0,0,2,8,0,0,0,0,1,2,1,1,1,0,0,0,10,0,0,2,0,2,0,1,2,0,13,0,2,0,1,1,1,0,0,0,0,0,1,1,0,0,0,0,0,0,0,19,0,1,9,8,2,2,3,0,1,0,0,0,0,2,0,1,0,0,0,0,0,0,0,0,0,0,0,0,0,0,0,0,3,13,0,0,0,3,0,1,2,0,1,2,0,0,1,4,0,1,0,0,2,19,0,2,1,3,3,1,1,0,0,4,0,0,0,33,1,4,0,2,0,6,0,0,0,1,0,0,0,0,0,0,1,1,2,0,1,0,0,0,0,0,0,0,0,0,0,0,0,0,0,0,0,0,0
2,0,0,0,0,0,0,3,6,0,1,1,0,0,0,0,0,0,9,6,0,1,3,0,0,0,0,0,0,0,0,0,0,0,0,0,0,7,3,0,0,0,1,0,0,1,0,0,0,2,0,2,0,1,0,0,0,0,0,0,0,5,0,0,0,0,0,0,0,0,0,1,0,0,0,0,0,0,0,0,9,0,5,0,1,1,1,1,0,0,0,1,0,0,0,0,0,0,0,0,0,0,0,0,0,0,0,0,0,0,0,0,0,0,0,0,12,0,0,0,2,0,0,0,0,1,0,0,0,0,0,0,0,0,0,7,7,1,0,0,1,0,0,9,0,0,6,0,0,4,1,17,0,6,0,0,0,0,0,0,0,0,0,0,0,0,0,4,0,1,0,0,3,0,0,2,0,0,0,0,0,0,0,0,0,0,0,0,0,0
0,0,1,0,1,0,0,2,15,2,0,1,0,0,0,0,0,0,2,18,0,1,3,3,0,3,3,0,0,0,0,0,0,0,0,0,0,3,5,1,0,0,1,0,1,0,1,0,0,0,0,12,0,0,1,0,0,0,0,0,0,12,0,1,0,0,0,0,0,0,0,1,0,0,0,0,0,0,0,0,2,0,16,0,2,4,5,0,1,3,0,0,0,0,0,0,0,0,1,0,0,0,0,0,0,0,0,0,0,0,0,0,0,0,0,1,18,0,0,0,2,0,0,1,0,1,0,0,0,0,2,0,0,0,0,4,17,2,0,0,2,3,0,0,1,0,4,0,0,2,6,0,19,0,0,0,4,0,0,0,0,0,0,0,0,0,0,2,0,1,0,1,0,0,0,0,0,0,0,0,0,0,0,0,0,0,0,0,0,0
1,0,0,0,0,2,0,6,1,0,0,1,1,1,2,0,1,0,12,4,0,0,3,1,0,0,0,0,0,0,2,0,0,0,0,0,0,8,0,0,0,0,1,1,0,3,2,0,0,3,0,3,0,0,0,0,0,0,2,0,0,2,0,1,0,0,0,0,0,0,0,1,0,0,0,0,0,0,0,0,14,0,2,0,0,4,0,0,0,0,0,0,0,0,0,0,0,0,0,0,0,0,0,0,0,0,0,0,0,0,0,0,0,0,0,3,7,0,0,1,1,0,0,1,0,0,1,0,0,0,0,0,0,0,0,11,2,0,1,0,0,0,0,8,0,0,3,0,0,5,0,6,0,15,0,0,0,0,0,0,0,0,0,0,0,0,0,3,0,0,0,0,3,0,0,1,0,0,0,0,0,0,0,0,0,0,0,0,0,0
0,0,1,2,2,3,0,5,2,0,5,1,0,1,0,0,0,0,2,0,0,0,15,11,0,7,11,0,0,0,0,1,0,1,0,0,0,0,1,0,1,0,3,1,3,9,5,0,0,1,0,0,0,0,1,0,1,0,7,3,0,0,0,4,0,0,4,0,0,0,0,0,0,0,0,0,0,0,0,0,2,0,2,0,0,21,7,0,1,8,0,0,0,0,0,1,0,0,0,0,0,0,0,0,0,0,0,0,0,0,0,0,0,0,0,0,1,0,0,3,6,0,2,5,0,3,4,1,0,3,5,0,1,0,0,2,1,0,2,0,3,2,4,1,7,0,0,0,0,0,3,0,1,0,15,0,0,0,0,0,0,0,0,0,0,1,0,0,0,1,0,0,0,0,0,0,0,0,0,1,0,0,0,0,0,0,0,0,0,0
0,0,1,0,0,0,1,0,0,0,1,0,0,0,0,0,0,0,0,0,0,0,0,0,0,3,3,0,0,0,0,0,0,0,0,0,0,0,0,0,0,0,0,0,1,1,0,0,0,0,0,0,0,0,0,0,0,0,1,0,0,0,0,0,0,0,0,0,0,0,0,0,0,1,1,0,0,0,0,0,0,0,0,0,0,0,0,0,1,2,0,0,0,0,0,0,0,0,0,0,0,0,0,0,0,0,0,0,0,0,0,0,0,0,0,0,0,0,0,0,0,0,0,1,0,0,0,0,0,0,0,0,0,0,0,0,0,0,0,0,0,1,0,0,0,1,0,0,0,0,0,0,0,0,0,3,0,0,0,0,0,0,0,0,0,0,1,0,0,0,0,0,0,0,0,0,0,0,0,0,0,0,0,0,0,0,0,0,0,0
5,0,5,1,10,3,2,7,15,1,8,5,3,4,7,0,1,0,9,23,0,3,18,15,0,13,15,0,0,0,4,2,4,1,4,0,0,6,9,2,1,0,6,1,2,1,6,0,0,4,0,12,0,1,5,0,1,1,14,3,0,13,0,3,1,0,5,2,0,0,0,3,4,0,0,0,1,1,1,0,16,0,18,0,2,23,15,1,6,10,0,3,1,0,0,1,3,0,0,0,1,0,1,0,0,0,0,0,1,0,0,0,0,0,0,5,11,0,0,6,6,0,6,2,0,3,12,5,0,2,5,0,3,0,0,17,16,3,5,0,8,5,2,1,2,1,13,3,0,1,13,0,7,0,0,0,48,0,1,0,0,0,0,0,0,1,0,6,1,2,3,1,0,1,0,0,0,1,0,1,0,0,0,0,0,1,0,0,0,0
0,0,0,0,0,0,0,0,0,0,0,0,0,0,0,0,0,1,0,0,0,0,0,0,0,0,0,0,0,0,0,0,0,0,0,0,0,0,0,0,0,0,0,0,0,0,0,0,1,0,0,0,0,0,0,0,0,0,0,0,1,0,0,0,0,0,0,0,0,0,0,0,0,0,0,0,0,0,0,1,0,0,0,0,0,0,0,0,0,0,0,0,0,0,0,0,0,0,0,1,0,0,0,0,0,1,0,0,0,0,0,0,0,0,0,0,0,0,0,0,0,0,0,0,0,0,0,0,0,0,0,0,0,0,1,0,0,0,0,0,0,0,0,0,0,0,0,0,0,0,0,0,0,0,0,0,0,1,0,0,0,0,0,0,0,0,0,0,0,0,0,0,0,0,0,0,0,0,0,0,0,0,0,0,0,0,0,0,0,0
0,0,0,0,0,0,0,2,5,0,0,0,0,0,1,0,0,20,1,45,0,6,0,3,1,0,0,0,0,0,1,0,0,0,0,1,19,2,19,1,0,0,0,0,1,0,1,1,0,0,1,4,20,4,0,0,0,0,2,0,19,44,0,2,0,0,1,0,0,0,0,1,0,0,0,0,0,0,1,20,1,7,4,34,3,0,5,1,0,0,0,0,1,0,1,0,0,0,0,0,52,20,0,0,0,0,0,38,23,0,0,0,0,3,0,3,0,0,0,0,0,0,0,0,1,0,1,0,0,0,1,0,0,1,20,5,41,5,0,1,0,1,0,0,0,0,0,0,0,1,0,0,0,0,0,0,2,0,70,0,0,0,0,0,0,0,0,0,0,0,0,0,0,0,0,0,1,0,0,0,0,0,0,0,0,0,0,0,0,0
0,0,0,0,0,1,0,0,0,0,0,0,0,0,1,0,0,10,0,14,0,1,0,2,0,0,1,0,0,0,0,0,0,0,0,0,10,0,10,1,0,0,0,0,1,0,1,0,0,0,0,0,4,0,0,0,0,0,0,1,9,14,0,1,0,0,1,0,0,0,0,0,0,0,0,0,0,0,1,9,0,1,1,12,1,1,1,0,0,1,0,0,0,0,0,0,0,0,0,0,28,0,0,0,0,0,0,25,0,0,0,0,0,0,0,0,0,0,0,0,0,0,0,0,0,0,0,0,0,0,1,0,0,1,9,0,13,1,0,0,0,1,0,0,0,0,0,0,0,0,0,0,0,0,0,0,0,0,0,28,0,0,0,0,0,0,0,0,0,0,0,0,0,0,0,0,0,0,0,0,0,0,0,0,0,0,0,0,0,0
2,0,2,0,3,4,0,1,2,1,7,2,2,2,2,0,0,0,0,1,0,1,8,13,0,5,3,0,0,0,0,2,4,0,4,0,0,0,1,1,0,0,3,1,5,0,5,0,0,1,0,0,0,0,1,0,0,0,10,0,0,1,0,8,0,0,1,1,0,1,0,1,1,0,0,0,0,0,0,0,3,0,3,0,1,12,4,0,4,4,0,0,0,1,1,1,0,1,1,0,0,0,0,0,1,0,0,0,0,0,1,0,0,0,0,0,1,0,0,9,1,1,3,1,0,4,8,0,0,1,4,0,0,0,0,2,2,1,4,0,0,1,1,0,0,0,1,0,0,0,2,0,0,1,0,0,4,0,0,0,5,0,0,0,0,0,0,0,0,1,0,0,0,0,0,0,0,0,0,0,0,0,0,0,0,0,0,0,0,0
0,0,0,0,0,0,0,0,0,0,0,0,0,0,0,0,0,0,0,0,0,0,0,0,0,0,1,0,0,0,0,0,0,0,0,0,0,0,0,0,0,0,0,0,0,0,0,0,0,0,0,0,0,0,0,0,1,1,0,0,0,0,0,0,0,0,1,0,0,0,0,0,0,0,0,0,0,0,0,0,0,0,0,0,0,0,0,0,0,0,0,0,0,0,0,0,0,0,0,0,0,1,0,0,0,0,0,1,0,0,0,0,0,0,0,0,0,0,0,0,0,0,0,0,0,0,0,0,0,0,0,0,0,0,0,0,0,0,0,0,0,0,0,0,0,0,0,0,0,0,0,0,0,0,0,0,0,0,0,0,0,1,0,0,0,0,0,0,0,0,0,0,0,0,0,0,0,0,0,0,0,0,0,0,0,0,0,0,0,0
0,0,0,0,0,0,0,1,1,1,0,0,1,0,0,1,0,1,0,0,0,0,0,9,0,0,2,0,0,0,0,0,0,1,0,0,0,0,1,0,0,0,0,0,0,0,6,0,0,0,0,0,0,0,0,0,0,0,0,0,0,0,0,3,0,0,0,0,0,0,0,0,0,0,0,0,0,0,0,0,1,0,0,1,0,1,6,0,0,2,0,0,0,0,0,0,0,0,0,0,0,0,0,4,0,0,0,0,0,0,0,5,4,0,0,0,0,0,0,0,0,0,0,0,0,0,5,0,0,0,2,0,0,0,0,0,1,0,0,0,0,0,0,0,0,0,0,0,0,0,0,0,0,0,0,0,0,0,0,0,0,0,9,0,0,0,0,0,0,0,0,0,0,0,0,0,0,0,0,0,0,0,0,0,0,1,1,0,0,0
0,0,1,0,1,0,0,1,0,0,3,0,0,0,1,0,0,0,0,4,0,0,2,16,0,0,4,0,0,0,0,0,0,0,0,0,0,0,4,0,2,0,0,0,0,1,14,0,0,0,0,0,0,0,0,0,2,0,5,0,0,2,0,9,2,0,1,0,0,0,0,1,0,0,0,0,0,0,0,0,0,0,2,3,0,6,9,0,1,0,0,0,0,0,0,0,0,0,0,0,0,0,13,0,1,0,0,0,0,0,9,0,14,0,0,0,0,0,0,0,3,0,0,0,0,0,8,0,0,0,1,0,0,0,0,1,2,0,0,0,0,0,0,0,0,0,0,0,0,0,0,0,0,0,0,0,0,0,0,0,0,0,0,11,0,0,0,0,0,0,0,0,0,0,0,0,0,0,0,0,0,0,0,0,0,0,0,0,0,0
0,0,2,1,1,1,0,3,2,0,2,1,0,1,0,0,0,0,1,1,0,0,2,16,0,2,4,0,0,0,0,0,0,1,1,0,0,0,1,0,0,0,0,0,1,2,13,2,0,0,0,0,0,0,0,0,1,1,2,2,0,1,0,11,0,0,0,0,0,0,0,2,0,0,0,0,0,0,0,0,0,0,1,0,0,4,11,0,1,2,0,0,0,0,0,0,0,0,0,0,1,0,6,6,0,0,0,0,1,0,6,10,0,0,0,0,0,0,0,0,0,0,0,0,0,0,6,1,0,0,1,0,0,0,0,1,1,0,0,0,0,1,0,0,0,1,0,0,0,0,0,0,0,0,0,0,0,0,0,0,0,0,0,6,7,0,1,0,0,0,0,0,0,0,0,0,0,0,0,1,0,0,0,0,0,0,0,0,0,0
1,0,1,0,2,2,0,1,0,0,2,3,0,1,0,0,0,0,1,0,0,0,1,1,0,4,5,0,0,0,0,0,4,0,0,0,0,0,0,0,0,0,0,1,1,2,1,0,0,0,0,0,0,0,3,0,0,0,3,1,0,1,0,0,0,0,3,0,0,0,0,0,0,0,0,0,0,0,0,0,0,0,0,0,0,6,0,0,3,3,0,0,0,0,0,0,0,0,0,0,0,0,0,0,0,0,0,0,0,0,0,0,0,0,0,0,0,0,0,1,0,0,5,1,0,2,0,1,0,0,1,0,0,0,0,1,0,0,1,0,1,0,0,0,0,0,1,0,0,0,0,0,0,0,2,0,2,0,0,0,0,0,0,0,0,2,0,0,0,0,0,0,0,0,0,0,0,0,0,0,0,0,0,0,0,0,0,0,0,0
0,0,1,0,1,1,0,0,1,0,2,0,0,0,0,0,0,0,0,0,0,0,0,1,0,1,11,2,6,6,0,0,0,8,0,0,0,0,0,0,6,0,1,0,0,0,0,0,0,0,0,0,0,0,0,0,12,3,1,3,0,1,0,0,0,0,2,0,2,2,0,0,0,2,2,0,0,1,0,0,0,0,0,0,0,1,2,0,1,6,2,0,0,0,0,1,0,0,0,0,0,0,2,1,2,0,0,0,0,0,1,1,1,0,0,0,0,0,0,0,0,0,3,0,0,0,3,7,2,0,4,2,0,0,0,0,0,0,0,0,0,1,0,0,0,0,0,0,0,0,0,0,0,0,0,1,0,0,0,0,0,0,0,1,1,0,6,0,0,0,0,0,0,0,0,0,0,0,0,0,0,0,0,0,0,0,0,0,0,0
4,0,0,0,0,0,0,4,14,0,1,1,0,0,0,0,0,0,12,19,0,1,5,0,0,2,2,0,0,0,1,0,0,0,0,0,0,9,8,0,0,0,0,1,1,1,0,0,0,4,0,9,0,1,1,0,1,0,1,0,0,6,0,0,0,0,0,0,0,0,0,2,0,0,0,0,0,0,0,0,15,0,15,0,1,4,1,0,0,2,0,1,0,0,0,2,0,0,1,0,0,0,0,0,0,0,0,0,0,0,0,0,0,0,0,2,22,0,0,0,2,0,0,0,0,0,0,0,0,0,1,0,0,0,0,16,14,1,0,0,1,0,0,6,2,0,11,1,0,0,3,4,5,5,1,0,10,0,0,0,1,0,0,0,0,0,0,16,0,0,0,0,0,1,0,1,0,0,0,0,0,0,0,0,0,0,0,0,0,0
0,0,0,0,0,0,0,0,0,0,0,0,0,0,0,0,0,0,0,0,0,0,0,0,0,1,0,0,0,0,0,0,0,0,0,0,0,0,0,0,0,0,0,0,0,0,0,0,0,0,0,0,0,0,0,0,0,0,0,0,0,0,0,0,0,0,0,0,0,0,0,0,0,0,0,0,0,0,0,0,0,0,0,0,0,1,0,0,0,0,0,0,0,0,0,0,0,0,0,0,0,0,0,0,0,0,0,0,0,0,0,0,0,0,0,0,0,0,0,0,0,0,0,0,0,0,0,0,0,0,0,0,0,0,0,0,0,0,0,0,0,0,0,0,0,0,0,0,0,0,1,0,0,0,0,0,1,0,0,0,0,0,0,0,0,0,0,0,1,0,0,0,0,0,0,0,0,0,0,0,0,0,0,0,0,0,0,0,0,0
0,0,0,0,2,0,0,2,1,0,3,1,0,0,0,0,0,0,0,0,0,0,13,3,0,4,1,0,0,0,0,1,0,0,0,0,0,1,0,0,0,0,5,2,2,1,0,0,0,0,0,0,0,0,0,0,0,0,2,0,0,0,0,1,0,0,0,1,0,0,0,0,0,0,0,0,0,0,0,0,1,0,1,0,0,13,3,0,2,0,0,0,0,0,0,1,0,0,0,0,0,0,0,0,0,0,0,0,0,0,0,0,0,0,0,0,0,0,0,0,7,0,0,3,0,3,1,0,0,2,3,0,0,0,0,1,1,0,0,0,2,2,0,1,3,2,3,1,0,0,2,1,2,0,4,0,4,0,0,0,1,0,0,0,0,0,0,0,0,9,1,0,0,0,0,1,0,0,0,0,0,0,0,0,0,0,0,0,0,0
0,0,0,0,0,0,0,1,0,0,2,1,0,0,0,0,0,0,0,0,0,0,2,0,0,5,1,0,0,0,0,0,0,0,0,0,0,0,0,0,0,0,1,1,0,1,0,0,0,0,0,0,0,0,0,0,0,0,0,0,0,0,0,0,0,0,0,0,0,0,0,0,0,0,0,0,0,0,0,0,1,0,0,0,0,5,0,0,3,1,0,0,0,0,0,0,0,0,0,0,0,0,0,0,0,0,0,0,0,0,0,0,0,0,0,0,0,0,0,0,1,0,0,2,0,0,0,0,0,2,0,0,0,0,0,0,0,0,0,0,3,0,0,0,0,2,1,0,0,0,0,0,0,0,0,0,5,0,0,0,0,0,0,0,0,1,0,0,0,1,7,0,1,0,0,0,0,0,0,0,0,0,0,0,0,0,0,0,0,0
0,0,0,0,0,0,0,0,0,0,1,1,0,0,1,0,0,0,1,0,0,0,0,0,0,3,4,0,0,1,0,0,0,1,0,0,0,0,0,0,1,0,1,0,0,0,0,0,0,1,0,0,0,0,0,0,1,0,1,1,0,0,0,0,0,0,0,0,0,0,0,0,0,0,0,0,0,0,0,0,0,0,0,0,0,2,0,0,4,2,0,0,0,0,0,0,0,0,0,0,0,0,0,0,0,0,0,0,0,0,0,0,0,0,0,0,0,0,0,0,0,0,0,2,0,0,0,1,0,1,0,0,1,0,0,0,0,0,1,0,1,4,0,0,1,2,1,1,1,0,1,0,1,0,0,0,1,0,0,0,0,0,0,0,0,0,1,0,0,0,0,4,0,0,0,0,0,0,0,0,0,0,0,0,0,0,0,0,0,0
1,0,0,0,0,0,0,3,0,0,1,0,0,0,0,0,0,0,9,1,0,0,4,0,0,1,0,0,0,0,0,1,0,0,0,0,0,7,0,0,0,0,2,1,0,1,0,0,0,3,0,0,0,0,0,0,0,0,0,0,0,0,0,0,0,0,0,0,0,0,0,0,0,0,0,0,0,0,0,0,10,0,1,0,0,3,0,0,0,0,0,1,0,0,0,0,0,0,0,0,0,0,0,0,0,0,0,0,0,0,0,0,0,0,0,0,5,0,0,0,2,0,0,1,0,1,0,0,0,0,0,0,0,0,0,7,1,0,1,0,1,0,0,9,0,0,4,0,0,3,1,8,0,7,1,0,0,0,0,0,0,0,0,0,0,0,0,3,0,2,1,0,5,0,0,1,0,0,0,0,0,0,0,0,0,0,0,0,0,0
0,0,0,0,1,0,0,0,0,1,1,0,0,0,0,0,0,0,0,0,0,0,3,2,0,3,0,0,0,0,0,0,0,0,0,0,0,0,0,0,0,0,0,0,1,0,0,0,0,0,0,0,0,0,0,0,0,0,0,0,0,0,0,0,0,0,0,0,0,0,0,0,0,0,0,0,0,0,0,0,1,0,1,0,0,5,0,0,1,1,0,0,0,0,0,0,0,0,0,0,0,0,0,0,0,0,0,0,0,0,0,0,0,0,0,0,0,0,0,0,2,0,0,0,0,1,0,0,0,1,1,0,0,0,0,0,1,0,0,0,2,1,0,0,1,0,1,1,0,0,0,0,1,0,0,0,5,0,0,0,0,0,0,0,0,0,0,2,0,1,3,0,0,2,0,0,0,0,0,0,0,0,0,0,0,0,0,0,0,0
0,0,0,1,0,0,0,1,0,0,1,1,0,0,0,0,0,0,1,0,0,0,4,0,0,6,1,0,0,0,0,0,0,0,0,0,0,0,0,0,0,0,1,1,0,1,0,0,0,1,0,0,0,0,1,0,1,0,1,0,0,0,0,0,0,0,0,0,0,0,0,0,0,1,0,0,0,0,0,0,0,0,0,0,0,8,0,0,3,1,0,0,0,0,0,0,0,0,1,0,0,0,0,0,0,0,0,0,0,0,0,0,0,0,0,0,0,0,0,0,0,0,0,1,0,0,0,0,0,2,0,0,0,0,0,0,0,0,0,0,2,0,0,0,0,4,0,0,2,0,3,0,1,0,0,0,1,0,0,0,0,0,0,0,0,0,0,0,1,1,2,1,0,0,2,0,0,0,0,0,0,0,0,0,0,0,0,0,0,0
0,0,0,0,0,0,0,1,0,1,3,1,0,0,0,0,0,0,7,5,0,0,3,1,1,6,2,0,0,0,0,0,0,0,0,0,0,7,1,0,0,0,2,1,1,1,1,0,0,1,0,3,0,0,1,0,0,0,0,1,0,3,0,1,0,0,1,0,0,0,0,1,0,1,1,0,0,0,0,0,8,0,6,0,0,3,1,1,3,2,0,1,0,0,1,0,0,0,0,0,0,0,0,0,0,0,0,0,0,0,0,0,0,0,0,0,7,0,0,0,2,0,0,2,1,0,0,0,0,0,2,0,0,0,0,6,4,0,1,1,3,0,0,5,2,2,8,0,2,0,3,4,2,3,1,0,4,0,0,0,0,0,0,0,0,0,0,4,0,2,2,0,4,0,2,5,0,0,0,0,0,0,0,0,0,0,0,0,0,0
1,0,1,0,1,0,0,2,7,0,0,4,0,0,0,0,1,0,4,9,0,0,3,0,0,0,2,0,0,0,0,0,0,0,0,0,0,2,3,0,0,0,1,1,0,2,0,0,0,2,0,4,1,0,0,0,0,0,2,1,0,3,0,0,0,0,0,0,0,0,0,1,0,0,0,0,0,0,0,0,4,0,6,1,1,3,1,0,0,1,0,1,0,0,0,1,0,0,0,0,0,1,0,0,0,0,0,1,0,0,0,0,0,0,0,0,11,0,0,0,2,0,0,1,0,0,0,0,0,1,1,0,0,0,0,3,9,0,0,0,0,1,0,4,0,0,3,0,0,4,1,9,3,4,0,0,0,0,1,0,0,0,0,0,0,0,0,3,0,0,0,1,1,0,0,2,1,0,0,0,0,0,0,0,0,0,0,0,0,0
0,0,0,0,2,0,0,0,1,0,2,0,0,0,1,0,0,0,0,0,0,0,1,5,0,4,0,0,0,0,0,0,0,0,0,0,0,0,0,0,0,0,1,1,0,1,0,0,0,0,0,0,0,0,2,0,0,0,1,0,0,0,0,1,0,0,0,0,0,0,0,0,0,0,0,0,0,0,0,0,1,0,0,0,0,3,4,0,1,0,0,0,0,0,0,0,0,0,0,0,0,0,0,0,0,0,0,0,0,0,0,0,0,0,0,0,0,0,0,0,3,0,0,1,0,1,3,0,0,3,2,0,0,0,0,0,0,0,0,0,3,1,0,0,0,0,0,0,0,0,0,0,0,0,1,0,1,0,0,0,1,0,0,0,0,0,0,0,0,0,0,0,0,0,0,0,0,1,0,0,0,0,0,0,0,0,0,0,0,0
0,0,1,0,0,0,0,0,0,0,1,0,0,0,0,0,0,0,0,0,0,0,0,0,0,5,3,0,0,1,0,0,0,0,0,0,0,0,0,0,2,0,0,1,0,0,0,0,0,0,0,0,0,0,0,0,0,0,0,0,0,0,0,0,0,0,2,0,0,0,0,0,0,0,0,1,1,1,0,0,0,0,0,0,0,1,0,0,4,3,0,0,0,0,0,0,0,0,0,0,0,0,0,0,0,0,0,0,0,0,0,0,0,0,0,0,0,0,0,0,0,0,0,1,0,1,1,0,0,1,1,0,1,0,0,0,0,0,0,0,2,0,3,0,2,0,0,0,1,0,0,0,1,0,0,0,0,0,0,0,0,0,0,0,0,0,0,0,0,0,0,0,0,0,0,0,0,0,1,0,0,0,0,0,0,0,0,0,0,0
0,0,4,2,1,0,0,1,7,7,2,1,1,0,0,0,1,0,1,2,0,5,5,7,4,5,4,1,0,1,0,0,0,0,0,0,0,0,1,3,0,0,1,0,3,2,5,3,0,0,0,1,0,1,2,0,0,0,1,0,0,4,0,4,0,1,1,0,1,0,0,0,0,0,0,3,3,3,0,0,1,0,4,0,5,4,5,4,3,5,1,1,1,1,0,0,1,0,0,0,0,0,1,0,0,0,0,0,0,0,0,0,0,0,0,0,5,0,0,1,3,0,0,0,4,1,1,1,1,2,3,1,4,0,0,0,4,5,0,4,4,4,2,0,2,1,7,0,0,0,3,0,2,0,1,0,6,0,0,0,0,0,0,0,1,0,0,0,0,2,0,0,0,1,0,2,0,1,0,5,0,0,0,0,0,1,0,0,0,0
0,0,0,0,0,0,0,0,0,0,0,0,0,0,0,0,0,1,0,0,0,0,0,0,0,0,0,0,0,0,0,0,0,0,0,0,0,0,0,0,0,0,0,0,0,0,0,0,1,0,0,0,0,0,0,0,0,0,0,0,1,0,0,0,0,0,0,0,0,0,0,0,0,0,0,0,0,0,0,1,0,0,0,0,0,0,0,0,0,0,0,0,0,0,0,0,0,0,0,1,0,0,0,0,0,1,0,0,0,0,0,0,0,0,0,0,0,0,0,0,0,0,0,0,0,0,0,0,0,0,0,0,0,0,1,0,0,0,0,0,0,0,0,0,0,0,0,0,0,0,0,0,0,0,0,0,0,1,0,0,0,0,0,0,0,0,0,0,0,0,0,0,0,0,0,0,0,0,0,0,0,0,0,0,0,0,0,0,0,0
0,0,3,0,0,0,0,3,11,0,0,0,0,1,5,0,4,0,5,27,0,1,0,0,0,0,0,0,0,0,2,0,0,0,0,0,0,3,15,1,0,0,0,0,0,0,1,0,0,4,0,8,0,0,0,0,0,0,0,0,0,21,0,0,0,0,0,0,0,0,0,1,0,0,0,0,0,0,0,0,7,0,19,0,1,0,6,0,0,0,0,2,3,0,0,0,3,0,0,0,0,0,0,0,0,0,0,0,0,0,0,0,0,0,0,15,7,0,0,0,0,0,0,0,0,0,0,0,0,0,0,0,0,0,0,8,24,1,0,0,0,0,0,1,0,0,3,0,0,2,1,1,1,1,0,0,7,0,0,0,0,0,0,0,0,0,0,3,0,0,0,0,0,0,0,0,0,0,0,0,0,0,0,0,0,0,0,0,0,0
0,0,0,0,0,1,0,2,2,0,0,0,0,0,2,0,0,16,1,48,0,3,0,6,0,0,2,0,0,0,0,0,0,0,0,1,15,2,24,1,0,0,0,0,1,0,2,0,0,0,1,2,20,1,0,0,1,1,2,1,14,44,0,3,0,0,3,0,0,0,0,1,0,0,0,0,0,0,2,15,0,5,3,39,2,1,7,0,0,1,0,0,0,0,0,0,0,0,0,0,55,20,0,0,0,0,0,41,24,0,0,0,0,1,0,2,0,0,0,0,0,0,0,0,0,0,1,0,0,0,2,0,0,1,16,3,45,2,0,0,0,2,0,0,0,1,0,0,0,1,0,0,0,0,0,0,1,0,47,27,0,1,0,0,1,0,0,0,0,0,0,0,0,0,0,0,1,0,0,0,0,0,0,0,0,0,0,0,0,0
0,0,0,0,0,0,0,0,0,0,0,0,0,0,0,0,0,13,0,11,0,1,0,0,0,0,0,0,0,0,1,0,0,0,0,0,13,0,5,0,0,0,0,0,1,0,0,0,0,0,0,2,4,1,0,0,0,0,0,0,13,10,0,0,0,0,0,0,0,0,0,0,0,0,0,0,0,0,0,13,1,3,1,7,0,0,0,0,0,0,0,0,0,0,0,0,0,0,0,0,24,0,0,0,0,0,0,23,0,0,0,0,0,0,0,0,0,0,0,0,0,0,0,0,0,0,0,0,0,0,0,0,0,1,12,2,9,1,0,0,0,0,0,0,0,0,0,0,0,0,0,0,0,0,0,0,0,0,23,1,0,0,0,0,0,0,0,0,0,0,0,0,0,0,0,0,0,0,0,0,0,0,0,0,0,0,0,0,0,0
0,0,3,0,2,4,0,3,4,1,2,0,1,2,0,0,0,0,2,0,0,0,6,11,1,3,1,0,0,0,0,0,1,0,4,0,0,0,3,0,0,0,1,3,0,1,5,0,0,2,0,1,0,0,1,0,0,1,3,0,0,1,0,7,0,0,1,0,0,0,0,1,2,0,0,0,0,0,0,0,2,0,3,0,0,6,8,1,3,0,0,0,0,0,1,0,0,0,0,0,0,0,0,0,0,0,0,0,0,0,0,0,0,0,0,0,0,0,0,6,3,0,0,1,0,0,6,0,0,1,2,0,0,0,0,1,1,0,4,0,0,2,0,0,0,0,3,0,0,0,2,0,0,0,1,0,9,0,0,0,1,0,0,0,0,0,0,3,0,0,0,0,0,1,0,1,0,0,0,0,0,0,0,0,0,0,0,0,0,0
0,0,1,0,0,0,0,0,2,0,1,0,0,0,0,1,0,1,0,1,0,0,1,10,0,0,2,0,0,0,0,0,0,0,1,0,0,0,3,0,0,0,0,0,0,0,6,0,0,0,0,0,0,0,1,0,0,0,1,0,0,3,0,5,0,0,0,1,0,0,0,0,0,0,0,0,1,1,0,0,1,0,0,2,0,4,5,0,1,0,0,0,0,0,0,0,0,0,0,0,0,0,4,3,0,0,0,0,0,0,5,3,0,0,0,0,0,0,0,0,0,0,0,0,0,0,3,0,0,0,1,0,0,0,0,1,1,0,0,0,0,0,0,0,0,0,1,0,0,0,0,0,0,0,0,0,1,0,0,0,0,0,2,2,0,0,0,0,0,0,0,0,0,0,0,0,0,0,0,1,0,0,0,0,0,7,0,0,0,0
0,0,0,0,0,0,0,2,2,0,0,1,0,0,0,0,0,0,1,3,0,0,0,14,0,0,3,0,0,0,0,0,0,1,1,0,0,1,2,0,0,0,0,0,1,0,11,0,0,0,0,0,0,0,1,0,0,0,0,1,0,2,0,4,0,0,1,1,0,0,0,0,0,0,0,0,1,1,0,0,0,1,1,2,0,4,6,0,1,2,0,0,0,0,0,0,0,0,0,0,0,0,6,0,0,0,0,0,0,0,4,0,1,0,0,0,0,0,0,0,0,1,0,0,0,0,8,0,0,0,1,0,0,0,0,1,2,0,0,0,0,2,0,0,0,0,1,0,0,0,0,0,0,0,0,0,1,0,0,0,0,0,4,0,2,0,0,0,0,0,0,0,0,0,0,0,0,0,0,1,0,0,0,0,0,7,7,0,0,0
0,0,0,0,0,0,0,0,3,1,2,0,1,0,0,0,0,1,1,1,0,0,0,10,1,1,4,0,0,0,0,0,0,1,0,0,0,1,2,0,0,0,0,0,0,0,10,0,0,0,0,0,0,0,0,0,1,0,1,0,0,1,0,5,2,0,1,0,0,0,0,0,0,0,0,0,0,0,0,0,0,1,1,2,0,2,6,1,0,3,0,0,0,0,0,0,0,0,0,0,0,0,1,5,1,0,0,0,0,0,0,5,0,0,0,0,0,0,0,0,1,0,0,0,1,0,7,0,0,0,3,0,0,0,0,1,2,0,0,0,0,0,0,0,0,0,0,0,0,0,0,0,0,0,0,1,0,0,0,0,0,0,5,2,0,0,1,0,0,0,0,0,0,0,0,0,0,0,0,0,0,0,0,0,0,0,7,0,0,0
0,0,1,1,3,2,1,1,1,2,3,0,0,1,0,0,0,0,1,0,0,0,2,0,2,11,15,0,0,0,0,1,2,2,0,0,0,0,0,0,2,0,2,2,0,4,2,1,0,1,0,0,0,0,0,0,1,1,3,4,0,0,0,0,0,1,3,2,0,0,0,0,0,0,0,1,1,2,0,0,1,0,0,0,0,6,1,1,6,6,1,0,0,0,0,0,0,0,0,0,0,0,1,0,0,0,0,0,0,0,0,1,0,0,0,0,0,0,0,1,0,0,3,5,1,2,1,3,0,1,3,1,1,0,0,0,0,0,2,2,1,4,2,0,0,0,1,2,1,0,6,0,0,1,6,2,2,0,0,0,2,0,0,0,3,1,1,0,0,2,0,2,1,0,0,0,0,0,1,4,0,0,0,0,0,0,0,0,0,0
0,0,1,0,0,0,0,0,1,0,0,0,0,0,1,0,0,0,0,0,0,0,0,1,0,0,3,0,10,6,0,0,0,8,0,0,0,0,0,0,4,0,0,0,0,0,0,0,0,0,0,0,0,0,0,1,5,4,0,1,0,0,0,0,0,0,1,1,0,3,0,0,0,0,0,0,4,6,0,0,0,0,0,0,0,1,1,0,1,2,0,0,0,0,0,0,0,0,0,0,0,0,1,0,2,0,0,0,0,0,0,1,0,0,0,0,0,0,0,0,0,0,0,0,0,0,0,7,0,1,1,0,4,0,0,0,1,0,1,0,1,2,2,0,0,0,0,0,1,0,0,0,0,0,0,0,0,0,0,0,0,0,0,0,1,0,3,0,0,0,0,0,0,0,0,0,0,0,0,0,0,0,0,0,0,0,0,0,0,0
